"","Name","YEAR","ENROLLMENT","TotalNumberOfIncidents"
"1","GRISCOM JUVENILE DETENTION CTR (1015)",2008,46,0
"2","GRISCOM JUVENILE DETENTION CTR (1015)",2009,23,4
"3","GRISCOM JUVENILE DETENTION CTR (1015)",2010,36,0
"4","GRISCOM JUVENILE DETENTION CTR (1015)",2011,43,0
"5","GRISCOM JUVENILE DETENTION CTR (1015)",NA,NA,NA
"6","GRISCOM JUVENILE DETENTION CTR (1015)",NA,NA,NA
"7","GRISCOM JUVENILE DETENTION CTR (1015)",NA,NA,NA
"8","GRISCOM JUVENILE DETENTION CTR (1015)",2015,12,0
"9","BIG PICTURE ELEM. ALT. (1021)",2008,58,4
"10","BIG PICTURE ELEM. ALT. (1021)",2009,63,7
"11","BIG PICTURE ELEM. ALT. (1021)",NA,NA,NA
"12","BIG PICTURE ELEM. ALT. (1021)",NA,NA,NA
"13","BIG PICTURE ELEM. ALT. (1021)",NA,NA,NA
"14","BIG PICTURE ELEM. ALT. (1021)",NA,NA,NA
"15","BIG PICTURE ELEM. ALT. (1021)",NA,NA,NA
"16","BIG PICTURE ELEM. ALT. (1021)",NA,NA,NA
"17","BIG PICTURE MIDDLE ALT. (1022)",2008,60,9
"18","BIG PICTURE MIDDLE ALT. (1022)",2009,64,4
"19","BIG PICTURE MIDDLE ALT. (1022)",NA,NA,NA
"20","BIG PICTURE MIDDLE ALT. (1022)",NA,NA,NA
"21","BIG PICTURE MIDDLE ALT. (1022)",NA,NA,NA
"22","BIG PICTURE MIDDLE ALT. (1022)",NA,NA,NA
"23","BIG PICTURE MIDDLE ALT. (1022)",NA,NA,NA
"24","BIG PICTURE MIDDLE ALT. (1022)",NA,NA,NA
"25","BIG PICTURE MIDDLE & HIGH @ NW (1023)",2008,65,3
"26","BIG PICTURE MIDDLE & HIGH @ NW (1023)",2009,85,4
"27","BIG PICTURE MIDDLE & HIGH @ NW (1023)",2010,139,5
"28","BIG PICTURE MIDDLE & HIGH @ NW (1023)",2011,121,3
"29","BIG PICTURE MIDDLE & HIGH @ NW (1023)",NA,NA,NA
"30","BIG PICTURE MIDDLE & HIGH @ NW (1023)",NA,NA,NA
"31","BIG PICTURE MIDDLE & HIGH @ NW (1023)",NA,NA,NA
"32","BIG PICTURE MIDDLE & HIGH @ NW (1023)",NA,NA,NA
"33","MILLER CAREER ACADEMY (1100)",2008,712,33
"34","MILLER CAREER ACADEMY (1100)",2009,729,92
"35","MILLER CAREER ACADEMY (1100)",2010,725,21
"36","MILLER CAREER ACADEMY (1100)",2011,703,1
"37","MILLER CAREER ACADEMY (1100)",2012,807,19
"38","MILLER CAREER ACADEMY (1100)",2013,788,15
"39","MILLER CAREER ACADEMY (1100)",2014,710,3
"40","MILLER CAREER ACADEMY (1100)",2015,685,24
"41","GATEWAY HIGH (1220)",2008,1213,118
"42","GATEWAY HIGH (1220)",2009,1154,52
"43","GATEWAY HIGH (1220)",2010,1123,77
"44","GATEWAY HIGH (1220)",2011,1165,57
"45","GATEWAY HIGH (1220)",2012,1200,37
"46","GATEWAY HIGH (1220)",2013,1177,35
"47","GATEWAY HIGH (1220)",2014,1158,22
"48","GATEWAY HIGH (1220)",2015,1121,26
"49","COMMUNITY ACCESS JOB TRAINING (1222)",2008,145,5
"50","COMMUNITY ACCESS JOB TRAINING (1222)",2009,131,2
"51","COMMUNITY ACCESS JOB TRAINING (1222)",2010,141,0
"52","COMMUNITY ACCESS JOB TRAINING (1222)",2011,131,0
"53","COMMUNITY ACCESS JOB TRAINING (1222)",2012,123,0
"54","COMMUNITY ACCESS JOB TRAINING (1222)",2013,132,0
"55","COMMUNITY ACCESS JOB TRAINING (1222)",2014,119,0
"56","COMMUNITY ACCESS JOB TRAINING (1222)",2015,136,0
"57","BEAUMONT CTE HIGH SCHOOL (1250)",2008,1062,211
"58","BEAUMONT CTE HIGH SCHOOL (1250)",2009,899,244
"59","BEAUMONT CTE HIGH SCHOOL (1250)",2010,782,109
"60","BEAUMONT CTE HIGH SCHOOL (1250)",2011,714,118
"61","BEAUMONT CTE HIGH SCHOOL (1250)",2012,335,26
"62","BEAUMONT CTE HIGH SCHOOL (1250)",2013,152,4
"63","BEAUMONT CTE HIGH SCHOOL (1250)",2014,63,2
"64","BEAUMONT CTE HIGH SCHOOL (1250)",2015,442,14
"65","CLEVELAND NJROTC ACADEMY (1440)",2008,347,27
"66","CLEVELAND NJROTC ACADEMY (1440)",2009,268,7
"67","CLEVELAND NJROTC ACADEMY (1440)",2010,238,14
"68","CLEVELAND NJROTC ACADEMY (1440)",2011,257,6
"69","CLEVELAND NJROTC ACADEMY (1440)",2012,260,12
"70","CLEVELAND NJROTC ACADEMY (1440)",2013,279,10
"71","CLEVELAND NJROTC ACADEMY (1440)",2014,299,10
"72","CLEVELAND NJROTC ACADEMY (1440)",2015,290,13
"73","CARNAHAN SCH. OF THE FUTURE (1500)",2008,198,2
"74","CARNAHAN SCH. OF THE FUTURE (1500)",2009,290,13
"75","CARNAHAN SCH. OF THE FUTURE (1500)",2010,393,18
"76","CARNAHAN SCH. OF THE FUTURE (1500)",2011,354,5
"77","CARNAHAN SCH. OF THE FUTURE (1500)",2012,376,13
"78","CARNAHAN SCH. OF THE FUTURE (1500)",2013,344,11
"79","CARNAHAN SCH. OF THE FUTURE (1500)",2014,374,7
"80","CARNAHAN SCH. OF THE FUTURE (1500)",2015,414,20
"81","TRANSPORTATION AND LAW (1540)",2008,220,14
"82","TRANSPORTATION AND LAW (1540)",2009,285,27
"83","TRANSPORTATION AND LAW (1540)",2010,344,31
"84","TRANSPORTATION AND LAW (1540)",2011,318,27
"85","TRANSPORTATION AND LAW (1540)",2012,298,30
"86","TRANSPORTATION AND LAW (1540)",2013,269,18
"87","TRANSPORTATION AND LAW (1540)",2014,357,42
"88","TRANSPORTATION AND LAW (1540)",2015,364,17
"89","METRO HIGH (1560)",2008,310,2
"90","METRO HIGH (1560)",2009,304,0
"91","METRO HIGH (1560)",2010,297,0
"92","METRO HIGH (1560)",2011,291,0
"93","METRO HIGH (1560)",2012,324,1
"94","METRO HIGH (1560)",2013,316,1
"95","METRO HIGH (1560)",2014,335,0
"96","METRO HIGH (1560)",2015,335,0
"97","MCKINLEY CLASS. LEADERSHIP AC. (1570)",2008,16,0
"98","MCKINLEY CLASS. LEADERSHIP AC. (1570)",2009,45,0
"99","MCKINLEY CLASS. LEADERSHIP AC. (1570)",2010,58,1
"100","MCKINLEY CLASS. LEADERSHIP AC. (1570)",2011,430,3
"101","MCKINLEY CLASS. LEADERSHIP AC. (1570)",2012,402,4
"102","MCKINLEY CLASS. LEADERSHIP AC. (1570)",2013,411,1
"103","MCKINLEY CLASS. LEADERSHIP AC. (1570)",2014,474,3
"104","MCKINLEY CLASS. LEADERSHIP AC. (1570)",2015,535,3
"105","VASHON 9TH GRADE CTR. (1600)",2008,212,99
"106","VASHON 9TH GRADE CTR. (1600)",NA,NA,NA
"107","VASHON 9TH GRADE CTR. (1600)",NA,NA,NA
"108","VASHON 9TH GRADE CTR. (1600)",NA,NA,NA
"109","VASHON 9TH GRADE CTR. (1600)",NA,NA,NA
"110","VASHON 9TH GRADE CTR. (1600)",NA,NA,NA
"111","VASHON 9TH GRADE CTR. (1600)",NA,NA,NA
"112","VASHON 9TH GRADE CTR. (1600)",NA,NA,NA
"113","ROOSEVELT 9TH GRADE CTR. (1640)",2008,417,209
"114","ROOSEVELT 9TH GRADE CTR. (1640)",2009,308,98
"115","ROOSEVELT 9TH GRADE CTR. (1640)",NA,NA,NA
"116","ROOSEVELT 9TH GRADE CTR. (1640)",NA,NA,NA
"117","ROOSEVELT 9TH GRADE CTR. (1640)",NA,NA,NA
"118","ROOSEVELT 9TH GRADE CTR. (1640)",NA,NA,NA
"119","ROOSEVELT 9TH GRADE CTR. (1640)",NA,NA,NA
"120","ROOSEVELT 9TH GRADE CTR. (1640)",NA,NA,NA
"121","ROOSEVELT HIGH (1680)",2008,982,65
"122","ROOSEVELT HIGH (1680)",2009,1057,173
"123","ROOSEVELT HIGH (1680)",2010,1218,235
"124","ROOSEVELT HIGH (1680)",2011,1003,135
"125","ROOSEVELT HIGH (1680)",2012,879,139
"126","ROOSEVELT HIGH (1680)",2013,906,97
"127","ROOSEVELT HIGH (1680)",2014,776,97
"128","ROOSEVELT HIGH (1680)",2015,625,65
"129","SOLDAN INTERNATIONAL STUDIES (1730)",2008,677,32
"130","SOLDAN INTERNATIONAL STUDIES (1730)",2009,648,29
"131","SOLDAN INTERNATIONAL STUDIES (1730)",2010,749,23
"132","SOLDAN INTERNATIONAL STUDIES (1730)",2011,676,27
"133","SOLDAN INTERNATIONAL STUDIES (1730)",2012,624,12
"134","SOLDAN INTERNATIONAL STUDIES (1730)",2013,553,5
"135","SOLDAN INTERNATIONAL STUDIES (1730)",2014,559,13
"136","SOLDAN INTERNATIONAL STUDIES (1730)",2015,554,14
"137","SUMNER HIGH (1800)",2008,1016,178
"138","SUMNER HIGH (1800)",2009,948,118
"139","SUMNER HIGH (1800)",2010,878,121
"140","SUMNER HIGH (1800)",2011,586,73
"141","SUMNER HIGH (1800)",2012,521,67
"142","SUMNER HIGH (1800)",2013,576,52
"143","SUMNER HIGH (1800)",2014,579,59
"144","SUMNER HIGH (1800)",2015,440,121
"145","VASHON HIGH (1830)",2008,713,190
"146","VASHON HIGH (1830)",2009,818,244
"147","VASHON HIGH (1830)",2010,739,176
"148","VASHON HIGH (1830)",2011,658,150
"149","VASHON HIGH (1830)",2012,828,137
"150","VASHON HIGH (1830)",2013,900,89
"151","VASHON HIGH (1830)",2014,864,103
"152","VASHON HIGH (1830)",2015,645,173
"153","CENTRAL VISUAL/PERF. ARTS HIGH (1860)",2008,688,38
"154","CENTRAL VISUAL/PERF. ARTS HIGH (1860)",2009,781,71
"155","CENTRAL VISUAL/PERF. ARTS HIGH (1860)",2010,694,16
"156","CENTRAL VISUAL/PERF. ARTS HIGH (1860)",2011,522,17
"157","CENTRAL VISUAL/PERF. ARTS HIGH (1860)",2012,423,16
"158","CENTRAL VISUAL/PERF. ARTS HIGH (1860)",2013,388,14
"159","CENTRAL VISUAL/PERF. ARTS HIGH (1860)",2014,402,7
"160","CENTRAL VISUAL/PERF. ARTS HIGH (1860)",2015,396,0
"161","STOWE PREPARATORY JR. HIGH (2070)",2008,273,18
"162","STOWE PREPARATORY JR. HIGH (2070)",2009,253,36
"163","STOWE PREPARATORY JR. HIGH (2070)",NA,NA,NA
"164","STOWE PREPARATORY JR. HIGH (2070)",NA,NA,NA
"165","STOWE PREPARATORY JR. HIGH (2070)",NA,NA,NA
"166","STOWE PREPARATORY JR. HIGH (2070)",NA,NA,NA
"167","STOWE PREPARATORY JR. HIGH (2070)",NA,NA,NA
"168","STOWE PREPARATORY JR. HIGH (2070)",NA,NA,NA
"169","YEATMAN-LIDDELL MIDDLE SCHOOL (2080)",2008,317,39
"170","YEATMAN-LIDDELL MIDDLE SCHOOL (2080)",2009,304,42
"171","YEATMAN-LIDDELL MIDDLE SCHOOL (2080)",2010,239,19
"172","YEATMAN-LIDDELL MIDDLE SCHOOL (2080)",2011,267,35
"173","YEATMAN-LIDDELL MIDDLE SCHOOL (2080)",2012,354,51
"174","YEATMAN-LIDDELL MIDDLE SCHOOL (2080)",2013,391,57
"175","YEATMAN-LIDDELL MIDDLE SCHOOL (2080)",2014,421,56
"176","YEATMAN-LIDDELL MIDDLE SCHOOL (2080)",2015,358,39
"177","BLEWETT MIDDLE (3020)",2008,236,17
"178","BLEWETT MIDDLE (3020)",2009,167,45
"179","BLEWETT MIDDLE (3020)",2010,0,0
"180","BLEWETT MIDDLE (3020)",2011,0,0
"181","BLEWETT MIDDLE (3020)",2012,0,0
"182","BLEWETT MIDDLE (3020)",NA,NA,NA
"183","BLEWETT MIDDLE (3020)",NA,NA,NA
"184","BLEWETT MIDDLE (3020)",NA,NA,NA
"185","BLOW MIDDLE (3040)",2008,202,20
"186","BLOW MIDDLE (3040)",NA,NA,NA
"187","BLOW MIDDLE (3040)",NA,NA,NA
"188","BLOW MIDDLE (3040)",NA,NA,NA
"189","BLOW MIDDLE (3040)",NA,NA,NA
"190","BLOW MIDDLE (3040)",NA,NA,NA
"191","BLOW MIDDLE (3040)",NA,NA,NA
"192","BLOW MIDDLE (3040)",NA,NA,NA
"193","BUSCH MS CHARACTER & ATHLETICS (3050)",2008,238,3
"194","BUSCH MS CHARACTER & ATHLETICS (3050)",2009,277,12
"195","BUSCH MS CHARACTER & ATHLETICS (3050)",2010,266,8
"196","BUSCH MS CHARACTER & ATHLETICS (3050)",2011,307,4
"197","BUSCH MS CHARACTER & ATHLETICS (3050)",2012,346,6
"198","BUSCH MS CHARACTER & ATHLETICS (3050)",2013,353,10
"199","BUSCH MS CHARACTER & ATHLETICS (3050)",2014,330,8
"200","BUSCH MS CHARACTER & ATHLETICS (3050)",2015,349,7
"201","CARR LANE VPA MIDDLE (3070)",2008,480,11
"202","CARR LANE VPA MIDDLE (3070)",2009,428,18
"203","CARR LANE VPA MIDDLE (3070)",2010,503,8
"204","CARR LANE VPA MIDDLE (3070)",2011,551,23
"205","CARR LANE VPA MIDDLE (3070)",2012,516,22
"206","CARR LANE VPA MIDDLE (3070)",2013,559,18
"207","CARR LANE VPA MIDDLE (3070)",2014,610,12
"208","CARR LANE VPA MIDDLE (3070)",2015,557,10
"209","BUNCHE INTERNATIONAL STUDIES (3110)",2008,244,17
"210","BUNCHE INTERNATIONAL STUDIES (3110)",2009,259,9
"211","BUNCHE INTERNATIONAL STUDIES (3110)",2010,294,28
"212","BUNCHE INTERNATIONAL STUDIES (3110)",2011,178,19
"213","BUNCHE INTERNATIONAL STUDIES (3110)",NA,NA,NA
"214","BUNCHE INTERNATIONAL STUDIES (3110)",NA,NA,NA
"215","BUNCHE INTERNATIONAL STUDIES (3110)",NA,NA,NA
"216","BUNCHE INTERNATIONAL STUDIES (3110)",NA,NA,NA
"217","MCKINLEY/CLASSICAL JR. ACAD. (3130)",2008,305,5
"218","MCKINLEY/CLASSICAL JR. ACAD. (3130)",2009,333,5
"219","MCKINLEY/CLASSICAL JR. ACAD. (3130)",2010,331,2
"220","MCKINLEY/CLASSICAL JR. ACAD. (3130)",NA,NA,NA
"221","MCKINLEY/CLASSICAL JR. ACAD. (3130)",NA,NA,NA
"222","MCKINLEY/CLASSICAL JR. ACAD. (3130)",NA,NA,NA
"223","MCKINLEY/CLASSICAL JR. ACAD. (3130)",NA,NA,NA
"224","MCKINLEY/CLASSICAL JR. ACAD. (3130)",NA,NA,NA
"225","FANNING MIDDLE COMMUNITY ED. (3140)",2008,289,37
"226","FANNING MIDDLE COMMUNITY ED. (3140)",2009,333,52
"227","FANNING MIDDLE COMMUNITY ED. (3140)",2010,378,57
"228","FANNING MIDDLE COMMUNITY ED. (3140)",2011,353,21
"229","FANNING MIDDLE COMMUNITY ED. (3140)",2012,374,53
"230","FANNING MIDDLE COMMUNITY ED. (3140)",2013,340,43
"231","FANNING MIDDLE COMMUNITY ED. (3140)",2014,389,6
"232","FANNING MIDDLE COMMUNITY ED. (3140)",2015,375,18
"233","GATEWAY MIDDLE (3230)",2008,375,16
"234","GATEWAY MIDDLE (3230)",2009,426,15
"235","GATEWAY MIDDLE (3230)",2010,437,24
"236","GATEWAY MIDDLE (3230)",2011,464,20
"237","GATEWAY MIDDLE (3230)",2012,481,25
"238","GATEWAY MIDDLE (3230)",2013,569,20
"239","GATEWAY MIDDLE (3230)",2014,592,24
"240","GATEWAY MIDDLE (3230)",2015,559,21
"241","LANGSTON MIDDLE (3240)",2008,311,29
"242","LANGSTON MIDDLE (3240)",2009,310,16
"243","LANGSTON MIDDLE (3240)",2010,348,47
"244","LANGSTON MIDDLE (3240)",2011,299,46
"245","LANGSTON MIDDLE (3240)",2012,298,32
"246","LANGSTON MIDDLE (3240)",2013,304,23
"247","LANGSTON MIDDLE (3240)",2014,278,28
"248","LANGSTON MIDDLE (3240)",2015,282,21
"249","LONG MIDDLE COMMUNITY ED. CTR. (3260)",2008,294,34
"250","LONG MIDDLE COMMUNITY ED. CTR. (3260)",2009,315,28
"251","LONG MIDDLE COMMUNITY ED. CTR. (3260)",2010,336,18
"252","LONG MIDDLE COMMUNITY ED. CTR. (3260)",2011,318,41
"253","LONG MIDDLE COMMUNITY ED. CTR. (3260)",2012,275,20
"254","LONG MIDDLE COMMUNITY ED. CTR. (3260)",2013,258,24
"255","LONG MIDDLE COMMUNITY ED. CTR. (3260)",2014,245,14
"256","LONG MIDDLE COMMUNITY ED. CTR. (3260)",2015,239,19
"257","L'OUVERTURE MIDDLE (3280)",2008,207,22
"258","L'OUVERTURE MIDDLE (3280)",2009,232,42
"259","L'OUVERTURE MIDDLE (3280)",2010,300,50
"260","L'OUVERTURE MIDDLE (3280)",2011,258,42
"261","L'OUVERTURE MIDDLE (3280)",2012,238,29
"262","L'OUVERTURE MIDDLE (3280)",2013,204,30
"263","L'OUVERTURE MIDDLE (3280)",2014,0,0
"264","L'OUVERTURE MIDDLE (3280)",NA,NA,NA
"265","NORTHWEST MIDDLE (3310)",2008,153,11
"266","NORTHWEST MIDDLE (3310)",2009,65,2
"267","NORTHWEST MIDDLE (3310)",NA,NA,NA
"268","NORTHWEST MIDDLE (3310)",NA,NA,NA
"269","NORTHWEST MIDDLE (3310)",NA,NA,NA
"270","NORTHWEST MIDDLE (3310)",NA,NA,NA
"271","NORTHWEST MIDDLE (3310)",NA,NA,NA
"272","NORTHWEST MIDDLE (3310)",NA,NA,NA
"273","COMPTON-DREW ILC MIDDLE (3390)",2008,439,22
"274","COMPTON-DREW ILC MIDDLE (3390)",2009,415,11
"275","COMPTON-DREW ILC MIDDLE (3390)",2010,427,15
"276","COMPTON-DREW ILC MIDDLE (3390)",2011,470,17
"277","COMPTON-DREW ILC MIDDLE (3390)",2012,531,16
"278","COMPTON-DREW ILC MIDDLE (3390)",2013,535,12
"279","COMPTON-DREW ILC MIDDLE (3390)",2014,522,9
"280","COMPTON-DREW ILC MIDDLE (3390)",2015,496,27
"281","STEVENS MIDDLE COMMUNITY ED. (3400)",2008,257,35
"282","STEVENS MIDDLE COMMUNITY ED. (3400)",2009,273,66
"283","STEVENS MIDDLE COMMUNITY ED. (3400)",2010,248,29
"284","STEVENS MIDDLE COMMUNITY ED. (3400)",2011,174,24
"285","STEVENS MIDDLE COMMUNITY ED. (3400)",2012,0,0
"286","STEVENS MIDDLE COMMUNITY ED. (3400)",2013,0,0
"287","STEVENS MIDDLE COMMUNITY ED. (3400)",2014,0,0
"288","STEVENS MIDDLE COMMUNITY ED. (3400)",2015,0,0
"289","ADAMS ELEM. (4000)",2008,299,1
"290","ADAMS ELEM. (4000)",2009,303,0
"291","ADAMS ELEM. (4000)",2010,350,4
"292","ADAMS ELEM. (4000)",2011,291,3
"293","ADAMS ELEM. (4000)",2012,283,1
"294","ADAMS ELEM. (4000)",2013,279,0
"295","ADAMS ELEM. (4000)",2014,314,4
"296","ADAMS ELEM. (4000)",2015,278,6
"297","ASHLAND ELEM. AND BR. (4060)",2008,344,25
"298","ASHLAND ELEM. AND BR. (4060)",2009,329,0
"299","ASHLAND ELEM. AND BR. (4060)",2010,318,3
"300","ASHLAND ELEM. AND BR. (4060)",2011,291,5
"301","ASHLAND ELEM. AND BR. (4060)",2012,257,10
"302","ASHLAND ELEM. AND BR. (4060)",2013,336,13
"303","ASHLAND ELEM. AND BR. (4060)",2014,341,13
"304","ASHLAND ELEM. AND BR. (4060)",2015,329,0
"305","BADEN ELEM. (4080)",2008,287,1
"306","BADEN ELEM. (4080)",2009,263,0
"307","BADEN ELEM. (4080)",NA,NA,NA
"308","BADEN ELEM. (4080)",NA,NA,NA
"309","BADEN ELEM. (4080)",NA,NA,NA
"310","BADEN ELEM. (4080)",NA,NA,NA
"311","BADEN ELEM. (4080)",NA,NA,NA
"312","BADEN ELEM. (4080)",NA,NA,NA
"313","BRYAN HILL ELEM. (4180)",2008,180,3
"314","BRYAN HILL ELEM. (4180)",2009,167,1
"315","BRYAN HILL ELEM. (4180)",2010,176,6
"316","BRYAN HILL ELEM. (4180)",2011,165,1
"317","BRYAN HILL ELEM. (4180)",2012,168,0
"318","BRYAN HILL ELEM. (4180)",2013,187,0
"319","BRYAN HILL ELEM. (4180)",2014,170,2
"320","BRYAN HILL ELEM. (4180)",2015,184,0
"321","BUDER ELEM. (4200)",2008,362,0
"322","BUDER ELEM. (4200)",2009,324,0
"323","BUDER ELEM. (4200)",2010,339,1
"324","BUDER ELEM. (4200)",2011,327,2
"325","BUDER ELEM. (4200)",2012,345,0
"326","BUDER ELEM. (4200)",2013,349,0
"327","BUDER ELEM. (4200)",2014,315,0
"328","BUDER ELEM. (4200)",2015,325,0
"329","AMES VISUAL/PERF. ARTS (4250)",2008,259,0
"330","AMES VISUAL/PERF. ARTS (4250)",2009,286,1
"331","AMES VISUAL/PERF. ARTS (4250)",2010,318,4
"332","AMES VISUAL/PERF. ARTS (4250)",2011,347,11
"333","AMES VISUAL/PERF. ARTS (4250)",2012,342,0
"334","AMES VISUAL/PERF. ARTS (4250)",2013,416,0
"335","AMES VISUAL/PERF. ARTS (4250)",2014,364,2
"336","AMES VISUAL/PERF. ARTS (4250)",2015,345,0
"337","CLARK ELEM. (4320)",2008,184,1
"338","CLARK ELEM. (4320)",2009,197,11
"339","CLARK ELEM. (4320)",NA,NA,NA
"340","CLARK ELEM. (4320)",NA,NA,NA
"341","CLARK ELEM. (4320)",NA,NA,NA
"342","CLARK ELEM. (4320)",NA,NA,NA
"343","CLARK ELEM. (4320)",NA,NA,NA
"344","CLARK ELEM. (4320)",NA,NA,NA
"345","CLAY ELEM. (4360)",2008,227,0
"346","CLAY ELEM. (4360)",2009,181,1
"347","CLAY ELEM. (4360)",2010,183,0
"348","CLAY ELEM. (4360)",2011,152,0
"349","CLAY ELEM. (4360)",2012,125,0
"350","CLAY ELEM. (4360)",2013,139,0
"351","CLAY ELEM. (4360)",2014,145,0
"352","CLAY ELEM. (4360)",2015,164,0
"353","COLE ELEM. (4400)",2008,200,0
"354","COLE ELEM. (4400)",2009,166,1
"355","COLE ELEM. (4400)",2010,158,1
"356","COLE ELEM. (4400)",2011,156,1
"357","COLE ELEM. (4400)",2012,214,1
"358","COLE ELEM. (4400)",2013,299,0
"359","COLE ELEM. (4400)",2014,339,3
"360","COLE ELEM. (4400)",2015,382,6
"361","COLUMBIA ELEM. COMM. ED. CTR. (4420)",2008,193,3
"362","COLUMBIA ELEM. COMM. ED. CTR. (4420)",2009,200,0
"363","COLUMBIA ELEM. COMM. ED. CTR. (4420)",2010,179,0
"364","COLUMBIA ELEM. COMM. ED. CTR. (4420)",2011,185,3
"365","COLUMBIA ELEM. COMM. ED. CTR. (4420)",2012,174,0
"366","COLUMBIA ELEM. COMM. ED. CTR. (4420)",2013,198,4
"367","COLUMBIA ELEM. COMM. ED. CTR. (4420)",2014,221,2
"368","COLUMBIA ELEM. COMM. ED. CTR. (4420)",2015,182,0
"369","COTE BRILLIANTE ELEM. (4440)",2008,261,2
"370","COTE BRILLIANTE ELEM. (4440)",2009,205,3
"371","COTE BRILLIANTE ELEM. (4440)",2010,204,4
"372","COTE BRILLIANTE ELEM. (4440)",2011,178,3
"373","COTE BRILLIANTE ELEM. (4440)",2012,166,0
"374","COTE BRILLIANTE ELEM. (4440)",2013,175,0
"375","COTE BRILLIANTE ELEM. (4440)",2014,216,0
"376","COTE BRILLIANTE ELEM. (4440)",2015,235,2
"377","DEWEY SCH.-INTERNAT'L. STUDIES (4470)",2008,414,0
"378","DEWEY SCH.-INTERNAT'L. STUDIES (4470)",2009,441,0
"379","DEWEY SCH.-INTERNAT'L. STUDIES (4470)",2010,427,1
"380","DEWEY SCH.-INTERNAT'L. STUDIES (4470)",2011,426,0
"381","DEWEY SCH.-INTERNAT'L. STUDIES (4470)",2012,411,2
"382","DEWEY SCH.-INTERNAT'L. STUDIES (4470)",2013,418,2
"383","DEWEY SCH.-INTERNAT'L. STUDIES (4470)",2014,378,0
"384","DEWEY SCH.-INTERNAT'L. STUDIES (4470)",2015,371,1
"385","DUNBAR AND BR. (4480)",2008,232,16
"386","DUNBAR AND BR. (4480)",2009,241,10
"387","DUNBAR AND BR. (4480)",2010,193,8
"388","DUNBAR AND BR. (4480)",2011,188,4
"389","DUNBAR AND BR. (4480)",2012,198,0
"390","DUNBAR AND BR. (4480)",2013,202,2
"391","DUNBAR AND BR. (4480)",2014,203,0
"392","DUNBAR AND BR. (4480)",2015,194,1
"393","FARRAGUT ELEM. (4580)",2008,202,1
"394","FARRAGUT ELEM. (4580)",2009,178,3
"395","FARRAGUT ELEM. (4580)",2010,174,5
"396","FARRAGUT ELEM. (4580)",2011,171,1
"397","FARRAGUT ELEM. (4580)",2012,166,2
"398","FARRAGUT ELEM. (4580)",2013,177,0
"399","FARRAGUT ELEM. (4580)",2014,185,0
"400","FARRAGUT ELEM. (4580)",2015,164,0
"401","FORD-FORD BR. ELEM. COMM. ED. (4630)",2008,288,1
"402","FORD-FORD BR. ELEM. COMM. ED. (4630)",2009,291,2
"403","FORD-FORD BR. ELEM. COMM. ED. (4630)",2010,356,1
"404","FORD-FORD BR. ELEM. COMM. ED. (4630)",2011,289,4
"405","FORD-FORD BR. ELEM. COMM. ED. (4630)",2012,214,6
"406","FORD-FORD BR. ELEM. COMM. ED. (4630)",2013,207,7
"407","FORD-FORD BR. ELEM. COMM. ED. (4630)",2014,249,2
"408","FORD-FORD BR. ELEM. COMM. ED. (4630)",2015,297,1
"409","FROEBEL ELEM. (4660)",2008,273,0
"410","FROEBEL ELEM. (4660)",2009,262,0
"411","FROEBEL ELEM. (4660)",2010,337,2
"412","FROEBEL ELEM. (4660)",2011,300,1
"413","FROEBEL ELEM. (4660)",2012,285,0
"414","FROEBEL ELEM. (4660)",2013,326,0
"415","FROEBEL ELEM. (4660)",2014,350,0
"416","FROEBEL ELEM. (4660)",2015,316,0
"417","GALLAUDET SCH. FOR DEAF ELEM. (4720)",2008,41,2
"418","GALLAUDET SCH. FOR DEAF ELEM. (4720)",2009,41,1
"419","GALLAUDET SCH. FOR DEAF ELEM. (4720)",2010,47,1
"420","GALLAUDET SCH. FOR DEAF ELEM. (4720)",2011,0,0
"421","GALLAUDET SCH. FOR DEAF ELEM. (4720)",NA,NA,NA
"422","GALLAUDET SCH. FOR DEAF ELEM. (4720)",NA,NA,NA
"423","GALLAUDET SCH. FOR DEAF ELEM. (4720)",NA,NA,NA
"424","GALLAUDET SCH. FOR DEAF ELEM. (4720)",NA,NA,NA
"425","GATEWAY ELEM. (4730)",2008,464,3
"426","GATEWAY ELEM. (4730)",2009,443,2
"427","GATEWAY ELEM. (4730)",2010,462,3
"428","GATEWAY ELEM. (4730)",2011,436,4
"429","GATEWAY ELEM. (4730)",2012,509,5
"430","GATEWAY ELEM. (4730)",2013,545,0
"431","GATEWAY ELEM. (4730)",2014,540,0
"432","GATEWAY ELEM. (4730)",2015,511,1
"433","GUNDLACH ELEM. (4760)",2008,216,10
"434","GUNDLACH ELEM. (4760)",NA,NA,NA
"435","GUNDLACH ELEM. (4760)",NA,NA,NA
"436","GUNDLACH ELEM. (4760)",NA,NA,NA
"437","GUNDLACH ELEM. (4760)",NA,NA,NA
"438","GUNDLACH ELEM. (4760)",NA,NA,NA
"439","GUNDLACH ELEM. (4760)",NA,NA,NA
"440","GUNDLACH ELEM. (4760)",NA,NA,NA
"441","HAMILTON ELEM. COMMUNITY ED. (4780)",2008,214,10
"442","HAMILTON ELEM. COMMUNITY ED. (4780)",2009,278,3
"443","HAMILTON ELEM. COMMUNITY ED. (4780)",2010,344,9
"444","HAMILTON ELEM. COMMUNITY ED. (4780)",2011,297,1
"445","HAMILTON ELEM. COMMUNITY ED. (4780)",2012,231,3
"446","HAMILTON ELEM. COMMUNITY ED. (4780)",2013,323,1
"447","HAMILTON ELEM. COMMUNITY ED. (4780)",2014,366,7
"448","HAMILTON ELEM. COMMUNITY ED. (4780)",2015,350,5
"449","HENRY ELEM. (4880)",2008,189,7
"450","HENRY ELEM. (4880)",2009,165,1
"451","HENRY ELEM. (4880)",2010,231,3
"452","HENRY ELEM. (4880)",2011,280,4
"453","HENRY ELEM. (4880)",2012,212,10
"454","HENRY ELEM. (4880)",2013,215,2
"455","HENRY ELEM. (4880)",2014,181,2
"456","HENRY ELEM. (4880)",2015,182,3
"457","HICKEY ELEM. (4890)",2008,225,0
"458","HICKEY ELEM. (4890)",2009,199,6
"459","HICKEY ELEM. (4890)",2010,260,3
"460","HICKEY ELEM. (4890)",2011,217,1
"461","HICKEY ELEM. (4890)",2012,207,0
"462","HICKEY ELEM. (4890)",2013,187,2
"463","HICKEY ELEM. (4890)",2014,212,1
"464","HICKEY ELEM. (4890)",2015,196,0
"465","HERZOG ELEM. (4900)",2008,247,13
"466","HERZOG ELEM. (4900)",2009,228,6
"467","HERZOG ELEM. (4900)",2010,387,21
"468","HERZOG ELEM. (4900)",2011,353,18
"469","HERZOG ELEM. (4900)",2012,369,12
"470","HERZOG ELEM. (4900)",2013,372,2
"471","HERZOG ELEM. (4900)",2014,389,6
"472","HERZOG ELEM. (4900)",2015,401,2
"473","HODGEN ELEM. (4920)",2008,201,2
"474","HODGEN ELEM. (4920)",2009,223,3
"475","HODGEN ELEM. (4920)",2010,223,8
"476","HODGEN ELEM. (4920)",2011,244,3
"477","HODGEN ELEM. (4920)",2012,233,1
"478","HODGEN ELEM. (4920)",2013,257,0
"479","HODGEN ELEM. (4920)",2014,280,2
"480","HODGEN ELEM. (4920)",2015,269,0
"481","JEFFERSON ELEM. (5020)",2008,286,3
"482","JEFFERSON ELEM. (5020)",2009,246,5
"483","JEFFERSON ELEM. (5020)",2010,214,4
"484","JEFFERSON ELEM. (5020)",2011,197,5
"485","JEFFERSON ELEM. (5020)",2012,202,4
"486","JEFFERSON ELEM. (5020)",2013,217,2
"487","JEFFERSON ELEM. (5020)",2014,214,2
"488","JEFFERSON ELEM. (5020)",2015,203,3
"489","KENNARD/CLASSICAL JR. ACAD. (5030)",2008,368,0
"490","KENNARD/CLASSICAL JR. ACAD. (5030)",2009,350,0
"491","KENNARD/CLASSICAL JR. ACAD. (5030)",2010,388,1
"492","KENNARD/CLASSICAL JR. ACAD. (5030)",2011,348,0
"493","KENNARD/CLASSICAL JR. ACAD. (5030)",2012,312,0
"494","KENNARD/CLASSICAL JR. ACAD. (5030)",2013,344,0
"495","KENNARD/CLASSICAL JR. ACAD. (5030)",2014,369,0
"496","KENNARD/CLASSICAL JR. ACAD. (5030)",2015,357,0
"497","LACLEDE ELEM. (5060)",2008,258,6
"498","LACLEDE ELEM. (5060)",2009,246,2
"499","LACLEDE ELEM. (5060)",2010,256,3
"500","LACLEDE ELEM. (5060)",2011,245,0
"501","LACLEDE ELEM. (5060)",2012,183,0
"502","LACLEDE ELEM. (5060)",2013,212,1
"503","LACLEDE ELEM. (5060)",2014,248,2
"504","LACLEDE ELEM. (5060)",2015,280,5
"505","LEXINGTON ELEM. (5100)",2008,285,4
"506","LEXINGTON ELEM. (5100)",2009,250,17
"507","LEXINGTON ELEM. (5100)",2010,254,2
"508","LEXINGTON ELEM. (5100)",2011,214,0
"509","LEXINGTON ELEM. (5100)",2012,255,0
"510","LEXINGTON ELEM. (5100)",2013,256,1
"511","LEXINGTON ELEM. (5100)",2014,321,3
"512","LEXINGTON ELEM. (5100)",2015,339,4
"513","LYON AT BLOW ELEM. (5180)",2008,152,2
"514","LYON AT BLOW ELEM. (5180)",2009,334,16
"515","LYON AT BLOW ELEM. (5180)",2010,342,6
"516","LYON AT BLOW ELEM. (5180)",2011,384,17
"517","LYON AT BLOW ELEM. (5180)",2012,406,38
"518","LYON AT BLOW ELEM. (5180)",2013,352,8
"519","LYON AT BLOW ELEM. (5180)",2014,389,8
"520","LYON AT BLOW ELEM. (5180)",2015,387,11
"521","MALLINCKRODT A.B.I. ELEM. (5240)",2008,229,0
"522","MALLINCKRODT A.B.I. ELEM. (5240)",2009,206,0
"523","MALLINCKRODT A.B.I. ELEM. (5240)",2010,187,0
"524","MALLINCKRODT A.B.I. ELEM. (5240)",2011,178,1
"525","MALLINCKRODT A.B.I. ELEM. (5240)",2012,193,0
"526","MALLINCKRODT A.B.I. ELEM. (5240)",2013,253,0
"527","MALLINCKRODT A.B.I. ELEM. (5240)",2014,250,0
"528","MALLINCKRODT A.B.I. ELEM. (5240)",2015,241,0
"529","MANN ELEM. (5260)",2008,210,1
"530","MANN ELEM. (5260)",2009,247,0
"531","MANN ELEM. (5260)",2010,243,1
"532","MANN ELEM. (5260)",2011,207,6
"533","MANN ELEM. (5260)",2012,220,2
"534","MANN ELEM. (5260)",2013,222,5
"535","MANN ELEM. (5260)",2014,274,0
"536","MANN ELEM. (5260)",2015,310,2
"537","MARK TWAIN ELEM. (5280)",2008,187,5
"538","MARK TWAIN ELEM. (5280)",2009,216,5
"539","MARK TWAIN ELEM. (5280)",NA,NA,NA
"540","MARK TWAIN ELEM. (5280)",NA,NA,NA
"541","MARK TWAIN ELEM. (5280)",NA,NA,NA
"542","MARK TWAIN ELEM. (5280)",NA,NA,NA
"543","MARK TWAIN ELEM. (5280)",NA,NA,NA
"544","MARK TWAIN ELEM. (5280)",NA,NA,NA
"545","MASON ELEM. (5340)",2008,303,2
"546","MASON ELEM. (5340)",2009,273,1
"547","MASON ELEM. (5340)",2010,264,1
"548","MASON ELEM. (5340)",2011,306,1
"549","MASON ELEM. (5340)",2012,326,0
"550","MASON ELEM. (5340)",2013,387,0
"551","MASON ELEM. (5340)",2014,393,0
"552","MASON ELEM. (5340)",2015,414,0
"553","MERAMEC ELEM. (5500)",2008,208,4
"554","MERAMEC ELEM. (5500)",2009,182,5
"555","MERAMEC ELEM. (5500)",2010,211,5
"556","MERAMEC ELEM. (5500)",2011,226,7
"557","MERAMEC ELEM. (5500)",2012,208,1
"558","MERAMEC ELEM. (5500)",2013,251,0
"559","MERAMEC ELEM. (5500)",2014,230,1
"560","MERAMEC ELEM. (5500)",2015,232,5
"561","ELIAS MICHAEL ELEM. (5520)",2008,36,0
"562","ELIAS MICHAEL ELEM. (5520)",2009,39,0
"563","ELIAS MICHAEL ELEM. (5520)",2010,45,0
"564","ELIAS MICHAEL ELEM. (5520)",2011,44,0
"565","ELIAS MICHAEL ELEM. (5520)",2012,54,0
"566","ELIAS MICHAEL ELEM. (5520)",2013,50,0
"567","ELIAS MICHAEL ELEM. (5520)",2014,58,0
"568","ELIAS MICHAEL ELEM. (5520)",2015,56,0
"569","MITCHELL ELEM. (5540)",2008,243,5
"570","MITCHELL ELEM. (5540)",NA,NA,NA
"571","MITCHELL ELEM. (5540)",NA,NA,NA
"572","MITCHELL ELEM. (5540)",NA,NA,NA
"573","MITCHELL ELEM. (5540)",NA,NA,NA
"574","MITCHELL ELEM. (5540)",NA,NA,NA
"575","MITCHELL ELEM. (5540)",NA,NA,NA
"576","MITCHELL ELEM. (5540)",NA,NA,NA
"577","MONROE ELEM. (5560)",2008,276,3
"578","MONROE ELEM. (5560)",2009,181,1
"579","MONROE ELEM. (5560)",2010,219,0
"580","MONROE ELEM. (5560)",2011,236,1
"581","MONROE ELEM. (5560)",2012,242,7
"582","MONROE ELEM. (5560)",2013,311,2
"583","MONROE ELEM. (5560)",2014,310,3
"584","MONROE ELEM. (5560)",2015,311,0
"585","MULLANPHY BOTANICAL GARDENS (5590)",2008,396,1
"586","MULLANPHY BOTANICAL GARDENS (5590)",2009,412,1
"587","MULLANPHY BOTANICAL GARDENS (5590)",2010,416,0
"588","MULLANPHY BOTANICAL GARDENS (5590)",2011,364,0
"589","MULLANPHY BOTANICAL GARDENS (5590)",2012,355,0
"590","MULLANPHY BOTANICAL GARDENS (5590)",2013,418,0
"591","MULLANPHY BOTANICAL GARDENS (5590)",2014,403,0
"592","MULLANPHY BOTANICAL GARDENS (5590)",2015,379,3
"593","OAK HILL ELEM. (5600)",2008,327,4
"594","OAK HILL ELEM. (5600)",2009,290,1
"595","OAK HILL ELEM. (5600)",2010,347,5
"596","OAK HILL ELEM. (5600)",2011,368,0
"597","OAK HILL ELEM. (5600)",2012,352,0
"598","OAK HILL ELEM. (5600)",2013,362,0
"599","OAK HILL ELEM. (5600)",2014,324,0
"600","OAK HILL ELEM. (5600)",2015,314,0
"601","EARL NANCE SR. ELEM. (5610)",2008,286,3
"602","EARL NANCE SR. ELEM. (5610)",2009,307,2
"603","EARL NANCE SR. ELEM. (5610)",2010,359,8
"604","EARL NANCE SR. ELEM. (5610)",2011,400,2
"605","EARL NANCE SR. ELEM. (5610)",2012,355,0
"606","EARL NANCE SR. ELEM. (5610)",2013,361,0
"607","EARL NANCE SR. ELEM. (5610)",2014,383,8
"608","EARL NANCE SR. ELEM. (5610)",2015,335,7
"609","PEABODY ELEM. (5620)",2008,281,4
"610","PEABODY ELEM. (5620)",2009,260,6
"611","PEABODY ELEM. (5620)",2010,272,6
"612","PEABODY ELEM. (5620)",2011,314,5
"613","PEABODY ELEM. (5620)",2012,258,9
"614","PEABODY ELEM. (5620)",2013,293,1
"615","PEABODY ELEM. (5620)",2014,307,3
"616","PEABODY ELEM. (5620)",2015,226,10
"617","SCRUGGS ELEM. (5740)",2008,272,5
"618","SCRUGGS ELEM. (5740)",2009,210,3
"619","SCRUGGS ELEM. (5740)",NA,NA,NA
"620","SCRUGGS ELEM. (5740)",NA,NA,NA
"621","SCRUGGS ELEM. (5740)",NA,NA,NA
"622","SCRUGGS ELEM. (5740)",NA,NA,NA
"623","SCRUGGS ELEM. (5740)",NA,NA,NA
"624","SCRUGGS ELEM. (5740)",NA,NA,NA
"625","SHAW VISUAL/PERF. ARTS CTR. (5780)",2008,312,0
"626","SHAW VISUAL/PERF. ARTS CTR. (5780)",2009,325,0
"627","SHAW VISUAL/PERF. ARTS CTR. (5780)",2010,323,0
"628","SHAW VISUAL/PERF. ARTS CTR. (5780)",2011,318,3
"629","SHAW VISUAL/PERF. ARTS CTR. (5780)",2012,349,6
"630","SHAW VISUAL/PERF. ARTS CTR. (5780)",2013,385,0
"631","SHAW VISUAL/PERF. ARTS CTR. (5780)",2014,372,1
"632","SHAW VISUAL/PERF. ARTS CTR. (5780)",2015,384,2
"633","SHENANDOAH ELEM. (5800)",2008,112,1
"634","SHENANDOAH ELEM. (5800)",2009,115,0
"635","SHENANDOAH ELEM. (5800)",2010,122,0
"636","SHENANDOAH ELEM. (5800)",2011,129,0
"637","SHENANDOAH ELEM. (5800)",2012,141,3
"638","SHENANDOAH ELEM. (5800)",2013,158,1
"639","SHENANDOAH ELEM. (5800)",2014,170,0
"640","SHENANDOAH ELEM. (5800)",2015,183,2
"641","SHEPARD ELEM. (5820)",2008,229,1
"642","SHEPARD ELEM. (5820)",2009,139,0
"643","SHEPARD ELEM. (5820)",NA,NA,NA
"644","SHEPARD ELEM. (5820)",NA,NA,NA
"645","SHEPARD ELEM. (5820)",NA,NA,NA
"646","SHEPARD ELEM. (5820)",NA,NA,NA
"647","SHEPARD ELEM. (5820)",NA,NA,NA
"648","SHEPARD ELEM. (5820)",NA,NA,NA
"649","SHERMAN ELEM. COMM. ED. CTR. (5840)",2008,174,1
"650","SHERMAN ELEM. COMM. ED. CTR. (5840)",2009,171,0
"651","SHERMAN ELEM. COMM. ED. CTR. (5840)",2010,143,1
"652","SHERMAN ELEM. COMM. ED. CTR. (5840)",2011,125,0
"653","SHERMAN ELEM. COMM. ED. CTR. (5840)",2012,124,1
"654","SHERMAN ELEM. COMM. ED. CTR. (5840)",2013,157,2
"655","SHERMAN ELEM. COMM. ED. CTR. (5840)",2014,0,0
"656","SHERMAN ELEM. COMM. ED. CTR. (5840)",NA,NA,NA
"657","SIGEL ELEM. COMM. ED. CTR. (5860)",2008,200,0
"658","SIGEL ELEM. COMM. ED. CTR. (5860)",2009,252,2
"659","SIGEL ELEM. COMM. ED. CTR. (5860)",2010,241,14
"660","SIGEL ELEM. COMM. ED. CTR. (5860)",2011,256,0
"661","SIGEL ELEM. COMM. ED. CTR. (5860)",2012,262,5
"662","SIGEL ELEM. COMM. ED. CTR. (5860)",2013,250,1
"663","SIGEL ELEM. COMM. ED. CTR. (5860)",2014,277,0
"664","SIGEL ELEM. COMM. ED. CTR. (5860)",2015,259,0
"665","SIMMONS ELEM. (5880)",2008,222,2
"666","SIMMONS ELEM. (5880)",2009,292,0
"667","SIMMONS ELEM. (5880)",NA,NA,NA
"668","SIMMONS ELEM. (5880)",NA,NA,NA
"669","SIMMONS ELEM. (5880)",NA,NA,NA
"670","SIMMONS ELEM. (5880)",NA,NA,NA
"671","SIMMONS ELEM. (5880)",NA,NA,NA
"672","SIMMONS ELEM. (5880)",NA,NA,NA
"673","STIX EARLY CHILDHOOD CTR. (5930)",2008,328,0
"674","STIX EARLY CHILDHOOD CTR. (5930)",2009,307,0
"675","STIX EARLY CHILDHOOD CTR. (5930)",2010,308,0
"676","STIX EARLY CHILDHOOD CTR. (5930)",2011,367,0
"677","STIX EARLY CHILDHOOD CTR. (5930)",2012,340,0
"678","STIX EARLY CHILDHOOD CTR. (5930)",2013,350,0
"679","STIX EARLY CHILDHOOD CTR. (5930)",2014,342,0
"680","STIX EARLY CHILDHOOD CTR. (5930)",2015,330,0
"681","WALBRIDGE ELEM. COMMUNITY ED. (5960)",2008,276,4
"682","WALBRIDGE ELEM. COMMUNITY ED. (5960)",2009,267,2
"683","WALBRIDGE ELEM. COMMUNITY ED. (5960)",2010,379,13
"684","WALBRIDGE ELEM. COMMUNITY ED. (5960)",2011,335,14
"685","WALBRIDGE ELEM. COMMUNITY ED. (5960)",2012,206,14
"686","WALBRIDGE ELEM. COMMUNITY ED. (5960)",2013,228,5
"687","WALBRIDGE ELEM. COMMUNITY ED. (5960)",2014,227,0
"688","WALBRIDGE ELEM. COMMUNITY ED. (5960)",2015,158,2
"689","WOERNER ELEM. (5970)",2008,380,1
"690","WOERNER ELEM. (5970)",2009,369,2
"691","WOERNER ELEM. (5970)",2010,402,7
"692","WOERNER ELEM. (5970)",2011,358,6
"693","WOERNER ELEM. (5970)",2012,362,4
"694","WOERNER ELEM. (5970)",2013,366,3
"695","WOERNER ELEM. (5970)",2014,364,0
"696","WOERNER ELEM. (5970)",2015,382,1
"697","WASHINGTON MONTESSORI (6010)",2008,285,0
"698","WASHINGTON MONTESSORI (6010)",2009,284,0
"699","WASHINGTON MONTESSORI (6010)",2010,324,1
"700","WASHINGTON MONTESSORI (6010)",2011,332,0
"701","WASHINGTON MONTESSORI (6010)",2012,327,0
"702","WASHINGTON MONTESSORI (6010)",2013,321,0
"703","WASHINGTON MONTESSORI (6010)",2014,324,0
"704","WASHINGTON MONTESSORI (6010)",2015,307,0
"705","WILKINSON EARLY CHILDHOOD CTR. (6030)",2008,140,0
"706","WILKINSON EARLY CHILDHOOD CTR. (6030)",2009,154,0
"707","WILKINSON EARLY CHILDHOOD CTR. (6030)",2010,137,0
"708","WILKINSON EARLY CHILDHOOD CTR. (6030)",2011,118,0
"709","WILKINSON EARLY CHILDHOOD CTR. (6030)",2012,117,0
"710","WILKINSON EARLY CHILDHOOD CTR. (6030)",2013,199,0
"711","WILKINSON EARLY CHILDHOOD CTR. (6030)",2014,204,0
"712","WILKINSON EARLY CHILDHOOD CTR. (6030)",2015,177,0
"713","WOODWARD ELEM. (6120)",2008,304,0
"714","WOODWARD ELEM. (6120)",2009,283,0
"715","WOODWARD ELEM. (6120)",2010,322,1
"716","WOODWARD ELEM. (6120)",2011,289,8
"717","WOODWARD ELEM. (6120)",2012,268,0
"718","WOODWARD ELEM. (6120)",2013,265,1
"719","WOODWARD ELEM. (6120)",2014,345,5
"720","WOODWARD ELEM. (6120)",2015,358,0
"721","WYMAN ELEM. (6140)",2008,201,7
"722","WYMAN ELEM. (6140)",NA,NA,NA
"723","WYMAN ELEM. (6140)",NA,NA,NA
"724","WYMAN ELEM. (6140)",NA,NA,NA
"725","WYMAN ELEM. (6140)",NA,NA,NA
"726","WYMAN ELEM. (6140)",NA,NA,NA
"727","WYMAN ELEM. (6140)",NA,NA,NA
"728","WYMAN ELEM. (6140)",NA,NA,NA
"729","CARDINAL GLENNON HOSPITAL (6280)",2008,10,0
"730","CARDINAL GLENNON HOSPITAL (6280)",2009,0,0
"731","CARDINAL GLENNON HOSPITAL (6280)",2010,0,0
"732","CARDINAL GLENNON HOSPITAL (6280)",2011,0,0
"733","CARDINAL GLENNON HOSPITAL (6280)",2012,0,0
"734","CARDINAL GLENNON HOSPITAL (6280)",2013,0,0
"735","CARDINAL GLENNON HOSPITAL (6280)",2014,0,0
"736","CARDINAL GLENNON HOSPITAL (6280)",2015,0,0
"737","ST. LOUIS CHILDREN'S HOSPITAL (6340)",2008,19,0
"738","ST. LOUIS CHILDREN'S HOSPITAL (6340)",2009,0,0
"739","ST. LOUIS CHILDREN'S HOSPITAL (6340)",2010,1,0
"740","ST. LOUIS CHILDREN'S HOSPITAL (6340)",2011,14,0
"741","ST. LOUIS CHILDREN'S HOSPITAL (6340)",2012,11,0
"742","ST. LOUIS CHILDREN'S HOSPITAL (6340)",2013,9,0
"743","ST. LOUIS CHILDREN'S HOSPITAL (6340)",2014,12,0
"744","ST. LOUIS CHILDREN'S HOSPITAL (6340)",2015,23,0
"745","MEDA P. WASHINGTON EARLY CHILD (7500)",2008,0,0
"746","MEDA P. WASHINGTON EARLY CHILD (7500)",2009,0,0
"747","MEDA P. WASHINGTON EARLY CHILD (7500)",NA,NA,NA
"748","MEDA P. WASHINGTON EARLY CHILD (7500)",NA,NA,NA
"749","MEDA P. WASHINGTON EARLY CHILD (7500)",NA,NA,NA
"750","MEDA P. WASHINGTON EARLY CHILD (7500)",NA,NA,NA
"751","MEDA P. WASHINGTON EARLY CHILD (7500)",NA,NA,NA
"752","MEDA P. WASHINGTON EARLY CHILD (7500)",NA,NA,NA
"753","EXTERNAL LOCATION (9990)",2008,0,0
"754","EXTERNAL LOCATION (9990)",2009,0,0
"755","EXTERNAL LOCATION (9990)",2010,0,0
"756","EXTERNAL LOCATION (9990)",2011,0,0
"757","EXTERNAL LOCATION (9990)",2012,0,0
"758","EXTERNAL LOCATION (9990)",2013,0,0
"759","EXTERNAL LOCATION (9990)",2014,0,0
"760","EXTERNAL LOCATION (9990)",2015,0,0
"761","VO. TECH. TUITION (9995)",2008,0,0
"762","VO. TECH. TUITION (9995)",2009,0,0
"763","VO. TECH. TUITION (9995)",2010,0,0
"764","VO. TECH. TUITION (9995)",2011,0,0
"765","VO. TECH. TUITION (9995)",2012,0,0
"766","VO. TECH. TUITION (9995)",2013,0,0
"767","VO. TECH. TUITION (9995)",2014,0,0
"768","VO. TECH. TUITION (9995)",2015,0,0
"769","HUMBOLDT ACAD OF HIGHER LRNING (4960)",NA,NA,NA
"770","HUMBOLDT ACAD OF HIGHER LRNING (4960)",NA,NA,NA
"771","HUMBOLDT ACAD OF HIGHER LRNING (4960)",NA,NA,NA
"772","HUMBOLDT ACAD OF HIGHER LRNING (4960)",NA,NA,NA
"773","HUMBOLDT ACAD OF HIGHER LRNING (4960)",2012,166,0
"774","HUMBOLDT ACAD OF HIGHER LRNING (4960)",2013,280,0
"775","HUMBOLDT ACAD OF HIGHER LRNING (4960)",2014,298,0
"776","HUMBOLDT ACAD OF HIGHER LRNING (4960)",2015,315,0
"777","THE COLLEGE PREPARATORY HIGH (1550)",NA,NA,NA
"778","THE COLLEGE PREPARATORY HIGH (1550)",NA,NA,NA
"779","THE COLLEGE PREPARATORY HIGH (1550)",NA,NA,NA
"780","THE COLLEGE PREPARATORY HIGH (1550)",NA,NA,NA
"781","THE COLLEGE PREPARATORY HIGH (1550)",NA,NA,NA
"782","THE COLLEGE PREPARATORY HIGH (1550)",2013,437,9
"783","THE COLLEGE PREPARATORY HIGH (1550)",2014,375,13
"784","THE COLLEGE PREPARATORY HIGH (1550)",2015,290,8
"785","ACAD OF ENVT SCI/MATH MIDDLE (3250)",NA,NA,NA
"786","ACAD OF ENVT SCI/MATH MIDDLE (3250)",NA,NA,NA
"787","ACAD OF ENVT SCI/MATH MIDDLE (3250)",NA,NA,NA
"788","ACAD OF ENVT SCI/MATH MIDDLE (3250)",NA,NA,NA
"789","ACAD OF ENVT SCI/MATH MIDDLE (3250)",NA,NA,NA
"790","ACAD OF ENVT SCI/MATH MIDDLE (3250)",2013,409,8
"791","ACAD OF ENVT SCI/MATH MIDDLE (3250)",2014,306,34
"792","ACAD OF ENVT SCI/MATH MIDDLE (3250)",2015,282,18
"793","ACAD OF ENVT SCI/MATH ELEM (4990)",NA,NA,NA
"794","ACAD OF ENVT SCI/MATH ELEM (4990)",NA,NA,NA
"795","ACAD OF ENVT SCI/MATH ELEM (4990)",NA,NA,NA
"796","ACAD OF ENVT SCI/MATH ELEM (4990)",NA,NA,NA
"797","ACAD OF ENVT SCI/MATH ELEM (4990)",NA,NA,NA
"798","ACAD OF ENVT SCI/MATH ELEM (4990)",2013,786,5
"799","ACAD OF ENVT SCI/MATH ELEM (4990)",2014,505,2
"800","ACAD OF ENVT SCI/MATH ELEM (4990)",2015,328,9
"801","COLLEGIATE SCHOOL OF MED/BIO (1510)",NA,NA,NA
"802","COLLEGIATE SCHOOL OF MED/BIO (1510)",NA,NA,NA
"803","COLLEGIATE SCHOOL OF MED/BIO (1510)",NA,NA,NA
"804","COLLEGIATE SCHOOL OF MED/BIO (1510)",NA,NA,NA
"805","COLLEGIATE SCHOOL OF MED/BIO (1510)",NA,NA,NA
"806","COLLEGIATE SCHOOL OF MED/BIO (1510)",NA,NA,NA
"807","COLLEGIATE SCHOOL OF MED/BIO (1510)",2014,61,0
"808","COLLEGIATE SCHOOL OF MED/BIO (1510)",2015,110,0
