"","School.Name","CONTENT_AREA","CATEGORY","TYPE","GRADE_SUBJECT","YEAR","ACCOUNTABLE","PARTICIPANT","REPORTABLE","LEVEL_NOT_DETERMINED","LEVEL_NOT_DETERMINED_PCT","BELOW_BASIC","BELOW_BASIC_PCT","BASIC","BASIC_PCT","PROFICIENT","PROFICIENT_PCT","ADVANCED","ADVANCED_PCT","MAP_INDEX","MEAN_SCALE_SCORE","MEDIAN_TERRANOVA"
"1","State Overall","Eng. Language Arts","Total","Total","Third Grade",2015,68873,NA,68729,144,NA,13468,19.6,15959,23.2,16678,24.3,22624,32.9,NA,2446.2,"--"
"2","State Overall","Eng. Language Arts","Total","Total","Fourth Grade",2015,67894,NA,67749,145,NA,14812,21.9,13314,19.7,17370,25.6,22253,32.8,NA,2487,"--"
"3","State Overall","Eng. Language Arts","Total","Total","Fifth Grade",2015,67352,NA,67223,129,NA,12768,19,14748,21.9,24126,35.9,15581,23.2,NA,2517.4,"--"
"4","State Overall","Eng. Language Arts","Total","Total","Sixth Grade",2015,67004,NA,66858,146,NA,13246,19.8,16877,25.2,23511,35.2,13224,19.8,NA,2537.2,"--"
"5","State Overall","Eng. Language Arts","Total","Total","Seventh Grade",2015,66902,NA,66736,166,NA,12435,18.6,16120,24.2,25819,38.7,12362,18.5,NA,2563.7,"--"
"6","State Overall","Eng. Language Arts","Total","Total","Eighth Grade",2015,67458,NA,67292,166,NA,10101,15,18480,27.5,27185,40.4,11526,17.1,NA,2581.2,"--"
"7","State Overall","Eng. Language Arts","Total","Total","Eleventh Grade",2015,849,NA,849,NA,NA,292,34.4,125,14.7,207,24.4,225,26.5,NA,0,"--"
"8","State Overall","Mathematics","Total","Total","Third Grade",2015,68873,NA,68843,30,NA,14944,21.7,18322,26.6,21087,30.6,14490,21,NA,2439.1,"--"
"9","State Overall","Mathematics","Total","Total","Fourth Grade",2015,67907,NA,67883,24,NA,11715,17.3,22790,33.6,20184,29.7,13194,19.4,NA,2483.1,"--"
"10","State Overall","Mathematics","Total","Total","Fifth Grade",2015,67394,NA,67370,24,NA,19367,28.7,21341,31.7,13504,20,13158,19.5,NA,2504.3,"--"
"11","State Overall","Mathematics","Total","Total","Sixth Grade",2015,66963,NA,66910,53,NA,19480,29.1,22123,33.1,14364,21.5,10943,16.4,NA,2521.3,"--"
"12","State Overall","Mathematics","Total","Total","Seventh Grade",2015,65939,NA,65866,73,NA,20948,31.8,21832,33.1,13850,21,9236,14,NA,2529.8,"--"
"13","State Overall","Mathematics","Total","Total","Eighth Grade",2015,53727,NA,53645,82,NA,21289,39.7,17297,32.2,9695,18.1,5364,10,NA,2530.1,"--"
"14","State Overall","Mathematics","Total","Total","Eleventh Grade",2015,835,NA,835,NA,NA,380,45.5,292,35,145,17.4,18,NA,NA,0,"--"
"15","State Overall","Science","Total","Total","Fifth Grade",2015,67303,NA,67261,42,NA,7066,10.5,28215,41.9,19357,28.8,12623,18.8,NA,664,"--"
"16","State Overall","Science","Total","Total","Eighth Grade",2015,67408,NA,67305,103,NA,11107,16.5,22920,34.1,26229,39,7049,10.5,NA,698.2,"--"
"17","State Overall","Science","Total","Total","Eleventh Grade",2015,827,NA,813,14,NA,13,NA,46,5.7,200,24.6,554,68.1,NA,0,"--"
"18","District Overall","Eng. Language Arts","Total","Total","Third Grade",2015,2040,NA,2025,15,NA,947,46.8,520,25.7,272,13.4,286,14.1,NA,2383.7,"--"
"19","District Overall","Eng. Language Arts","Total","Total","Fourth Grade",2015,1862,NA,1845,17,NA,901,48.8,358,19.4,351,19,235,12.7,NA,2423.9,"--"
"20","District Overall","Eng. Language Arts","Total","Total","Fifth Grade",2015,1715,NA,1698,17,NA,744,43.8,399,23.5,406,23.9,149,8.8,NA,2458.3,"--"
"21","District Overall","Eng. Language Arts","Total","Total","Sixth Grade",2015,1544,NA,1528,16,NA,685,44.8,427,27.9,295,19.3,121,7.9,NA,2472.7,"--"
"22","District Overall","Eng. Language Arts","Total","Total","Seventh Grade",2015,1557,NA,1536,21,NA,648,42.2,414,27,382,24.9,92,6,NA,2499.3,"--"
"23","District Overall","Eng. Language Arts","Total","Total","Eighth Grade",2015,1514,NA,1495,19,NA,602,40.3,464,31,346,23.1,83,5.6,NA,2513.5,"--"
"24","District Overall","Eng. Language Arts","Total","Total","Eleventh Grade",2015,63,NA,63,NA,NA,22,34.9,NA,6.3,20,31.7,17,27,NA,0,"--"
"25","District Overall","Mathematics","Total","Total","Third Grade",2015,2039,NA,2039,NA,NA,964,47.3,540,26.5,372,18.2,163,8,NA,2385.7,"--"
"26","District Overall","Mathematics","Total","Total","Fourth Grade",2015,1858,NA,1858,NA,NA,807,43.4,685,36.9,272,14.6,94,5.1,NA,2425.6,"--"
"27","District Overall","Mathematics","Total","Total","Fifth Grade",2015,1715,NA,1715,NA,NA,928,54.1,484,28.2,169,9.9,134,7.8,NA,2453.8,"--"
"28","District Overall","Mathematics","Total","Total","Sixth Grade",2015,1539,NA,1539,NA,NA,912,59.3,410,26.6,131,8.5,86,5.6,NA,2451.9,"--"
"29","District Overall","Mathematics","Total","Total","Seventh Grade",2015,1533,NA,1533,NA,NA,981,64,404,26.4,110,7.2,38,NA,NA,2449.3,"--"
"30","District Overall","Mathematics","Total","Total","Eighth Grade",2015,1403,NA,1401,NA,NA,1044,74.5,251,17.9,81,5.8,25,NA,NA,2452.8,"--"
"31","District Overall","Mathematics","Total","Total","Eleventh Grade",2015,59,NA,59,NA,NA,28,47.5,21,35.6,10,16.9,NA,NA,NA,0,"--"
"32","District Overall","Science","Total","Total","Fifth Grade",2015,1717,NA,1717,NA,NA,591,34.4,781,45.5,217,12.6,128,7.5,NA,637.6,"--"
"33","District Overall","Science","Total","Total","Eighth Grade",2015,1511,NA,1510,NA,NA,770,51,476,31.5,209,13.8,55,NA,NA,665.9,"--"
"34","District Overall","Science","Total","Total","Eleventh Grade",2015,60,NA,54,NA,10,NA,NA,NA,5.6,22,40.7,28,51.9,NA,0,"--"
"35","ACAD OF ENVT SCI/MATH ELEM  (4990)","Eng. Language Arts","Total","Total","Third Grade",2015,60,NA,60,NA,NA,29,48.3,18,30,12,20,NA,NA,NA,2374.2,"--"
"36","ACAD OF ENVT SCI/MATH ELEM  (4990)","Eng. Language Arts","Total","Total","Fourth Grade",2015,64,NA,64,NA,NA,36,56.3,12,18.8,NA,14.1,NA,10.9,NA,2403.9,"--"
"37","ACAD OF ENVT SCI/MATH ELEM  (4990)","Eng. Language Arts","Total","Total","Fifth Grade",2015,59,NA,59,NA,NA,32,54.2,21,35.6,NA,10.2,NA,NA,NA,2428.4,"--"
"38","ACAD OF ENVT SCI/MATH ELEM  (4990)","Mathematics","Total","Total","Third Grade",2015,60,NA,60,NA,NA,34,56.7,19,31.7,NA,11.7,NA,NA,NA,2364.2,"--"
"39","ACAD OF ENVT SCI/MATH ELEM  (4990)","Mathematics","Total","Total","Fourth Grade",2015,63,NA,63,NA,NA,38,60.3,19,30.2,NA,9.5,NA,NA,NA,2389.4,"--"
"40","ACAD OF ENVT SCI/MATH ELEM  (4990)","Mathematics","Total","Total","Fifth Grade",2015,59,NA,59,NA,NA,50,84.7,NA,15.3,NA,NA,NA,NA,NA,2397.9,"--"
"41","ACAD OF ENVT SCI/MATH ELEM  (4990)","Science","Total","Total","Fifth Grade",2015,59,NA,59,NA,NA,31,52.5,28,47.5,NA,NA,NA,NA,NA,620.7,"--"
"42","ACAD OF ENVT SCI/MATH MIDDLE  (3250)","Eng. Language Arts","Total","Total","Sixth Grade",2015,85,NA,85,NA,NA,50,58.8,21,24.7,13,15.3,NA,NA,NA,2447,"--"
"43","ACAD OF ENVT SCI/MATH MIDDLE  (3250)","Eng. Language Arts","Total","Total","Seventh Grade",2015,90,NA,90,NA,NA,40,44.4,29,32.2,19,21.1,NA,NA,NA,2488.1,"--"
"44","ACAD OF ENVT SCI/MATH MIDDLE  (3250)","Eng. Language Arts","Total","Total","Eighth Grade",2015,74,NA,74,NA,NA,47,63.5,24,32.4,NA,NA,NA,NA,NA,2466.7,"--"
"45","ACAD OF ENVT SCI/MATH MIDDLE  (3250)","Mathematics","Total","Total","Sixth Grade",2015,85,NA,85,NA,NA,54,63.5,27,31.8,NA,NA,NA,NA,NA,2430.6,"--"
"46","ACAD OF ENVT SCI/MATH MIDDLE  (3250)","Mathematics","Total","Total","Seventh Grade",2015,90,NA,90,NA,NA,49,54.4,27,30,13,14.4,NA,NA,NA,2469.3,"--"
"47","ACAD OF ENVT SCI/MATH MIDDLE  (3250)","Mathematics","Total","Total","Eighth Grade",2015,74,NA,74,NA,NA,68,91.9,NA,6.8,NA,NA,NA,NA,NA,2430.3,"--"
"48","ACAD OF ENVT SCI/MATH MIDDLE  (3250)","Science","Total","Total","Eighth Grade",2015,74,NA,74,NA,NA,48,64.9,24,32.4,NA,NA,NA,NA,NA,657.4,"--"
"49","ADAMS ELEM.  (4000)","Eng. Language Arts","Total","Total","Third Grade",2015,48,NA,48,NA,NA,32,66.7,NA,18.8,NA,6.3,NA,8.3,NA,2345.7,"--"
"50","ADAMS ELEM.  (4000)","Eng. Language Arts","Total","Total","Fourth Grade",2015,40,NA,40,NA,NA,28,70,NA,10,NA,17.5,NA,NA,NA,2387.6,"--"
"51","ADAMS ELEM.  (4000)","Eng. Language Arts","Total","Total","Fifth Grade",2015,40,NA,40,NA,NA,24,60,11,27.5,NA,10,NA,NA,NA,2417.2,"--"
"52","ADAMS ELEM.  (4000)","Eng. Language Arts","Total","Total","Sixth Grade",2015,21,NA,21,NA,NA,15,71.4,NA,23.8,NA,NA,NA,NA,NA,2411.7,"--"
"53","ADAMS ELEM.  (4000)","Mathematics","Total","Total","Third Grade",2015,48,NA,48,NA,NA,27,56.3,13,27.1,NA,16.7,NA,NA,NA,2357.7,"--"
"54","ADAMS ELEM.  (4000)","Mathematics","Total","Total","Fourth Grade",2015,40,NA,40,NA,NA,24,60,12,30,NA,7.5,NA,NA,NA,2397.9,"--"
"55","ADAMS ELEM.  (4000)","Mathematics","Total","Total","Fifth Grade",2015,40,NA,40,NA,NA,25,62.5,12,30,NA,7.5,NA,NA,NA,2432.6,"--"
"56","ADAMS ELEM.  (4000)","Mathematics","Total","Total","Sixth Grade",2015,21,NA,21,NA,NA,19,90.5,NA,9.5,NA,NA,NA,NA,NA,2404,"--"
"57","ADAMS ELEM.  (4000)","Science","Total","Total","Fifth Grade",2015,40,NA,40,NA,NA,21,52.5,16,40,NA,5,NA,NA,NA,621,"--"
"58","AMES VISUAL/PERF. ARTS  (4250)","Eng. Language Arts","Total","Total","Third Grade",2015,59,NA,59,NA,NA,26,44.1,19,32.2,NA,6.8,10,16.9,NA,2382.6,"--"
"59","AMES VISUAL/PERF. ARTS  (4250)","Eng. Language Arts","Total","Total","Fourth Grade",2015,59,NA,59,NA,NA,29,49.2,15,25.4,13,22,NA,NA,NA,2415.5,"--"
"60","AMES VISUAL/PERF. ARTS  (4250)","Eng. Language Arts","Total","Total","Fifth Grade",2015,54,NA,54,NA,NA,19,35.2,20,37,11,20.4,NA,7.4,NA,2466.8,"--"
"61","AMES VISUAL/PERF. ARTS  (4250)","Mathematics","Total","Total","Third Grade",2015,59,NA,59,NA,NA,29,49.2,12,20.3,13,22,NA,8.5,NA,2387.7,"--"
"62","AMES VISUAL/PERF. ARTS  (4250)","Mathematics","Total","Total","Fourth Grade",2015,59,NA,59,NA,NA,15,25.4,34,57.6,10,16.9,NA,NA,NA,2437.6,"--"
"63","AMES VISUAL/PERF. ARTS  (4250)","Mathematics","Total","Total","Fifth Grade",2015,54,NA,54,NA,NA,23,42.6,20,37,NA,13,NA,7.4,NA,2465.4,"--"
"64","AMES VISUAL/PERF. ARTS  (4250)","Science","Total","Total","Fifth Grade",2015,54,NA,54,NA,NA,20,37,28,51.9,NA,9.3,NA,NA,NA,635.5,"--"
"65","ASHLAND ELEM. AND BR.  (4060)","Eng. Language Arts","Total","Total","Third Grade",2015,45,NA,45,NA,NA,31,68.9,NA,17.8,NA,11.1,NA,NA,NA,2329.9,"--"
"66","ASHLAND ELEM. AND BR.  (4060)","Eng. Language Arts","Total","Total","Fourth Grade",2015,40,NA,40,NA,NA,28,70,NA,10,NA,12.5,NA,7.5,NA,2383.8,"--"
"67","ASHLAND ELEM. AND BR.  (4060)","Eng. Language Arts","Total","Total","Fifth Grade",2015,37,NA,37,NA,NA,16,43.2,NA,21.6,12,32.4,NA,NA,NA,2449.1,"--"
"68","ASHLAND ELEM. AND BR.  (4060)","Eng. Language Arts","Total","Total","Sixth Grade",2015,36,NA,36,NA,NA,26,72.2,NA,25,NA,NA,NA,NA,NA,2424,"--"
"69","ASHLAND ELEM. AND BR.  (4060)","Mathematics","Total","Total","Third Grade",2015,45,NA,45,NA,NA,34,75.6,10,22.2,NA,NA,NA,NA,NA,2327.7,"--"
"70","ASHLAND ELEM. AND BR.  (4060)","Mathematics","Total","Total","Fourth Grade",2015,39,NA,39,NA,NA,24,61.5,13,33.3,NA,5.1,NA,NA,NA,2386.9,"--"
"71","ASHLAND ELEM. AND BR.  (4060)","Mathematics","Total","Total","Fifth Grade",2015,36,NA,36,NA,NA,20,55.6,12,33.3,NA,11.1,NA,NA,NA,2447,"--"
"72","ASHLAND ELEM. AND BR.  (4060)","Mathematics","Total","Total","Sixth Grade",2015,36,NA,36,NA,NA,29,80.6,NA,19.4,NA,NA,NA,NA,NA,2400.4,"--"
"73","ASHLAND ELEM. AND BR.  (4060)","Science","Total","Total","Fifth Grade",2015,37,NA,37,NA,NA,15,40.5,18,48.6,NA,8.1,NA,NA,NA,632.2,"--"
"74","BEAUMONT CTE HIGH SCHOOL  (1250)","Science","Total","Total","Eleventh Grade",2015,NA,NA,NA,NA,NA,NA,NA,NA,NA,NA,NA,NA,NA,NA,0,"--"
"75","BRYAN HILL ELEM.  (4180)","Eng. Language Arts","Total","Total","Third Grade",2015,25,NA,25,NA,NA,15,60,NA,28,NA,NA,NA,8,NA,2340.3,"--"
"76","BRYAN HILL ELEM.  (4180)","Eng. Language Arts","Total","Total","Fourth Grade",2015,26,NA,26,NA,NA,11,42.3,NA,34.6,NA,19.2,NA,NA,NA,2400.7,"--"
"77","BRYAN HILL ELEM.  (4180)","Eng. Language Arts","Total","Total","Fifth Grade",2015,23,NA,23,NA,NA,13,56.5,NA,21.7,NA,17.4,NA,NA,NA,2440.1,"--"
"78","BRYAN HILL ELEM.  (4180)","Mathematics","Total","Total","Third Grade",2015,25,NA,25,NA,NA,17,68,NA,12,NA,20,NA,NA,NA,2347,"--"
"79","BRYAN HILL ELEM.  (4180)","Mathematics","Total","Total","Fourth Grade",2015,26,NA,26,NA,NA,13,50,11,42.3,NA,7.7,NA,NA,NA,2403.7,"--"
"80","BRYAN HILL ELEM.  (4180)","Mathematics","Total","Total","Fifth Grade",2015,23,NA,23,NA,NA,13,56.5,10,43.5,NA,NA,NA,NA,NA,2430.5,"--"
"81","BRYAN HILL ELEM.  (4180)","Science","Total","Total","Fifth Grade",2015,23,NA,23,NA,NA,NA,30.4,13,56.5,NA,13,NA,NA,NA,639.9,"--"
"82","BUDER ELEM.  (4200)","Eng. Language Arts","Total","Total","Third Grade",2015,47,NA,47,NA,NA,12,25.5,15,31.9,13,27.7,NA,14.9,NA,2415.4,"--"
"83","BUDER ELEM.  (4200)","Eng. Language Arts","Total","Total","Fourth Grade",2015,57,NA,57,NA,NA,32,56.1,NA,14,11,19.3,NA,10.5,NA,2415.1,"--"
"84","BUDER ELEM.  (4200)","Eng. Language Arts","Total","Total","Fifth Grade",2015,28,NA,28,NA,NA,11,39.3,NA,25,NA,32.1,NA,NA,NA,2456.7,"--"
"85","BUDER ELEM.  (4200)","Mathematics","Total","Total","Third Grade",2015,47,NA,47,NA,NA,12,25.5,17,36.2,14,29.8,NA,8.5,NA,2414.2,"--"
"86","BUDER ELEM.  (4200)","Mathematics","Total","Total","Fourth Grade",2015,58,NA,58,NA,NA,14,24.1,20,34.5,19,32.8,NA,8.6,NA,2464.1,"--"
"87","BUDER ELEM.  (4200)","Mathematics","Total","Total","Fifth Grade",2015,28,NA,28,NA,NA,16,57.1,NA,25,NA,7.1,NA,10.7,NA,2460,"--"
"88","BUDER ELEM.  (4200)","Science","Total","Total","Fifth Grade",2015,28,NA,28,NA,NA,12,42.9,10,35.7,NA,14.3,NA,7.1,NA,642,"--"
"89","BUSCH MS CHARACTER & ATHLETICS  (3050)","Eng. Language Arts","Total","Total","Sixth Grade",2015,109,NA,109,NA,NA,38,34.9,32,29.4,29,26.6,10,9.2,NA,2491.6,"--"
"90","BUSCH MS CHARACTER & ATHLETICS  (3050)","Eng. Language Arts","Total","Total","Seventh Grade",2015,110,NA,110,NA,NA,24,21.8,25,22.7,49,44.5,12,10.9,NA,2543.7,"--"
"91","BUSCH MS CHARACTER & ATHLETICS  (3050)","Eng. Language Arts","Total","Total","Eighth Grade",2015,119,NA,119,NA,NA,12,10.1,49,41.2,49,41.2,NA,7.6,NA,2563.9,"--"
"92","BUSCH MS CHARACTER & ATHLETICS  (3050)","Mathematics","Total","Total","Sixth Grade",2015,109,NA,109,NA,NA,61,56,36,33,NA,6.4,NA,NA,NA,2451,"--"
"93","BUSCH MS CHARACTER & ATHLETICS  (3050)","Mathematics","Total","Total","Seventh Grade",2015,110,NA,110,NA,NA,44,40,44,40,12,10.9,10,9.1,NA,2497.7,"--"
"94","BUSCH MS CHARACTER & ATHLETICS  (3050)","Mathematics","Total","Total","Eighth Grade",2015,89,NA,89,NA,NA,58,65.2,23,25.8,NA,6.7,NA,NA,NA,2480.2,"--"
"95","BUSCH MS CHARACTER & ATHLETICS  (3050)","Science","Total","Total","Eighth Grade",2015,119,NA,119,NA,NA,30,25.2,54,45.4,27,22.7,NA,6.7,NA,685.8,"--"
"96","CARNAHAN SCH. OF THE FUTURE  (1500)","Eng. Language Arts","Total","Total","Eleventh Grade",2015,NA,NA,NA,NA,NA,NA,NA,NA,NA,NA,NA,NA,NA,NA,0,"--"
"97","CARNAHAN SCH. OF THE FUTURE  (1500)","Mathematics","Total","Total","Eleventh Grade",2015,NA,NA,NA,NA,NA,NA,NA,NA,NA,NA,NA,NA,NA,NA,0,"--"
"98","CARNAHAN SCH. OF THE FUTURE  (1500)","Science","Total","Total","Eleventh Grade",2015,NA,NA,NA,NA,NA,NA,NA,NA,33.3,NA,33.3,NA,33.3,NA,0,"--"
"99","CARR LANE VPA MIDDLE  (3070)","Eng. Language Arts","Total","Total","Sixth Grade",2015,154,NA,154,NA,NA,78,50.6,41,26.6,31,20.1,NA,NA,NA,2453.5,"--"
"100","CARR LANE VPA MIDDLE  (3070)","Eng. Language Arts","Total","Total","Seventh Grade",2015,187,NA,187,NA,NA,77,41.2,65,34.8,39,20.9,NA,NA,NA,2497,"--"
"101","CARR LANE VPA MIDDLE  (3070)","Eng. Language Arts","Total","Total","Eighth Grade",2015,188,NA,188,NA,NA,74,39.4,67,35.6,41,21.8,NA,NA,NA,2510.2,"--"
"102","CARR LANE VPA MIDDLE  (3070)","Mathematics","Total","Total","Sixth Grade",2015,152,NA,152,NA,NA,88,57.9,39,25.7,20,13.2,NA,NA,NA,2452.5,"--"
"103","CARR LANE VPA MIDDLE  (3070)","Mathematics","Total","Total","Seventh Grade",2015,186,NA,186,NA,NA,132,71,45,24.2,NA,NA,NA,NA,NA,2441.4,"--"
"104","CARR LANE VPA MIDDLE  (3070)","Mathematics","Total","Total","Eighth Grade",2015,186,NA,186,NA,NA,142,76.3,36,19.4,NA,NA,NA,NA,NA,2454.2,"--"
"105","CARR LANE VPA MIDDLE  (3070)","Science","Total","Total","Eighth Grade",2015,189,NA,189,NA,NA,93,49.2,75,39.7,19,10.1,NA,NA,NA,665.5,"--"
"106","CLAY ELEM.  (4360)","Eng. Language Arts","Total","Total","Third Grade",2015,30,NA,30,NA,NA,18,60,NA,16.7,NA,23.3,NA,NA,NA,2354.6,"--"
"107","CLAY ELEM.  (4360)","Eng. Language Arts","Total","Total","Fourth Grade",2015,17,NA,17,NA,NA,11,64.7,NA,17.6,NA,11.8,NA,5.9,NA,2391.4,"--"
"108","CLAY ELEM.  (4360)","Eng. Language Arts","Total","Total","Fifth Grade",2015,26,NA,26,NA,NA,14,53.8,NA,34.6,NA,11.5,NA,NA,NA,2439.8,"--"
"109","CLAY ELEM.  (4360)","Mathematics","Total","Total","Third Grade",2015,30,NA,30,NA,NA,18,60,11,36.7,NA,NA,NA,NA,NA,2342.6,"--"
"110","CLAY ELEM.  (4360)","Mathematics","Total","Total","Fourth Grade",2015,17,NA,17,NA,NA,11,64.7,NA,35.3,NA,NA,NA,NA,NA,2389.2,"--"
"111","CLAY ELEM.  (4360)","Mathematics","Total","Total","Fifth Grade",2015,26,NA,26,NA,NA,20,76.9,NA,23.1,NA,NA,NA,NA,NA,2407.8,"--"
"112","CLAY ELEM.  (4360)","Science","Total","Total","Fifth Grade",2015,26,NA,26,NA,NA,11,42.3,12,46.2,NA,11.5,NA,NA,NA,627.6,"--"
"113","COLE ELEM.  (4400)","Eng. Language Arts","Total","Total","Third Grade",2015,40,NA,40,NA,NA,23,57.5,NA,22.5,NA,7.5,NA,12.5,NA,2358.1,"--"
"114","COLE ELEM.  (4400)","Eng. Language Arts","Total","Total","Fourth Grade",2015,30,NA,30,NA,NA,17,56.7,NA,23.3,NA,13.3,NA,6.7,NA,2396.2,"--"
"115","COLE ELEM.  (4400)","Eng. Language Arts","Total","Total","Fifth Grade",2015,29,NA,29,NA,NA,14,48.3,NA,17.2,NA,27.6,NA,6.9,NA,2443.9,"--"
"116","COLE ELEM.  (4400)","Eng. Language Arts","Total","Total","Sixth Grade",2015,28,NA,28,NA,NA,11,39.3,13,46.4,NA,7.1,NA,7.1,NA,2479.5,"--"
"117","COLE ELEM.  (4400)","Eng. Language Arts","Total","Total","Seventh Grade",2015,47,NA,47,NA,NA,18,38.3,13,27.7,15,31.9,NA,NA,NA,2506.2,"--"
"118","COLE ELEM.  (4400)","Eng. Language Arts","Total","Total","Eighth Grade",2015,38,NA,38,NA,NA,NA,18.4,19,50,NA,23.7,NA,7.9,NA,2550.6,"--"
"119","COLE ELEM.  (4400)","Mathematics","Total","Total","Third Grade",2015,40,NA,40,NA,NA,22,55,11,27.5,NA,17.5,NA,NA,NA,2362.6,"--"
"120","COLE ELEM.  (4400)","Mathematics","Total","Total","Fourth Grade",2015,30,NA,30,NA,NA,17,56.7,11,36.7,NA,6.7,NA,NA,NA,2408,"--"
"121","COLE ELEM.  (4400)","Mathematics","Total","Total","Fifth Grade",2015,29,NA,29,NA,NA,19,65.5,NA,20.7,NA,13.8,NA,NA,NA,2425.4,"--"
"122","COLE ELEM.  (4400)","Mathematics","Total","Total","Sixth Grade",2015,28,NA,28,NA,NA,19,67.9,NA,17.9,NA,14.3,NA,NA,NA,2460.2,"--"
"123","COLE ELEM.  (4400)","Mathematics","Total","Total","Seventh Grade",2015,47,NA,47,NA,NA,33,70.2,14,29.8,NA,NA,NA,NA,NA,2430.2,"--"
"124","COLE ELEM.  (4400)","Mathematics","Total","Total","Eighth Grade",2015,38,NA,38,NA,NA,27,71.1,NA,21.1,NA,5.3,NA,NA,NA,2468.2,"--"
"125","COLE ELEM.  (4400)","Science","Total","Total","Fifth Grade",2015,29,NA,29,NA,NA,14,48.3,10,34.5,NA,10.3,NA,6.9,NA,626.5,"--"
"126","COLE ELEM.  (4400)","Science","Total","Total","Eighth Grade",2015,38,NA,38,NA,NA,20,52.6,11,28.9,NA,15.8,NA,NA,NA,662.7,"--"
"127","COLUMBIA ELEM. COMM. ED. CTR.  (4420)","Eng. Language Arts","Total","Total","Third Grade",2015,31,NA,31,NA,NA,15,48.4,NA,25.8,NA,16.1,NA,9.7,NA,2370.1,"--"
"128","COLUMBIA ELEM. COMM. ED. CTR.  (4420)","Eng. Language Arts","Total","Total","Fourth Grade",2015,20,NA,20,NA,NA,17,85,NA,15,NA,NA,NA,NA,NA,2348.7,"--"
"129","COLUMBIA ELEM. COMM. ED. CTR.  (4420)","Eng. Language Arts","Total","Total","Fifth Grade",2015,23,NA,23,NA,NA,19,82.6,NA,17.4,NA,NA,NA,NA,NA,2381,"--"
"130","COLUMBIA ELEM. COMM. ED. CTR.  (4420)","Eng. Language Arts","Total","Total","Sixth Grade",2015,22,NA,22,NA,NA,NA,40.9,NA,40.9,NA,NA,NA,13.6,NA,2472.4,"--"
"131","COLUMBIA ELEM. COMM. ED. CTR.  (4420)","Mathematics","Total","Total","Third Grade",2015,31,NA,31,NA,NA,21,67.7,NA,16.1,NA,12.9,NA,NA,NA,2366,"--"
"132","COLUMBIA ELEM. COMM. ED. CTR.  (4420)","Mathematics","Total","Total","Fourth Grade",2015,20,NA,20,NA,NA,16,80,NA,20,NA,NA,NA,NA,NA,2358.5,"--"
"133","COLUMBIA ELEM. COMM. ED. CTR.  (4420)","Mathematics","Total","Total","Fifth Grade",2015,23,NA,23,NA,NA,22,NA,NA,NA,NA,NA,NA,NA,NA,2382.9,"--"
"134","COLUMBIA ELEM. COMM. ED. CTR.  (4420)","Mathematics","Total","Total","Sixth Grade",2015,22,NA,22,NA,NA,13,59.1,NA,36.4,NA,NA,NA,NA,NA,2429.2,"--"
"135","COLUMBIA ELEM. COMM. ED. CTR.  (4420)","Science","Total","Total","Fifth Grade",2015,23,NA,23,NA,NA,17,73.9,NA,26.1,NA,NA,NA,NA,NA,607.5,"--"
"136","COMPTON-DREW ILC MIDDLE  (3390)","Eng. Language Arts","Total","Total","Sixth Grade",2015,149,NA,149,NA,NA,63,42.3,46,30.9,29,19.5,11,7.4,NA,2477.8,"--"
"137","COMPTON-DREW ILC MIDDLE  (3390)","Eng. Language Arts","Total","Total","Seventh Grade",2015,168,NA,168,NA,NA,50,29.8,55,32.7,51,30.4,12,7.1,NA,2517.6,"--"
"138","COMPTON-DREW ILC MIDDLE  (3390)","Eng. Language Arts","Total","Total","Eighth Grade",2015,175,NA,175,NA,NA,32,18.3,53,30.3,76,43.4,14,8,NA,2559.8,"--"
"139","COMPTON-DREW ILC MIDDLE  (3390)","Mathematics","Total","Total","Sixth Grade",2015,149,NA,149,NA,NA,88,59.1,49,32.9,11,7.4,NA,NA,NA,2459.5,"--"
"140","COMPTON-DREW ILC MIDDLE  (3390)","Mathematics","Total","Total","Seventh Grade",2015,168,NA,168,NA,NA,84,50,64,38.1,15,8.9,NA,NA,NA,2477.2,"--"
"141","COMPTON-DREW ILC MIDDLE  (3390)","Mathematics","Total","Total","Eighth Grade",2015,146,NA,146,NA,NA,96,65.8,37,25.3,12,8.2,NA,NA,NA,2479.6,"--"
"142","COMPTON-DREW ILC MIDDLE  (3390)","Science","Total","Total","Eighth Grade",2015,175,NA,175,NA,NA,53,30.3,75,42.9,39,22.3,NA,NA,NA,681.3,"--"
"143","COTE BRILLIANTE ELEM.  (4440)","Eng. Language Arts","Total","Total","Third Grade",2015,33,NA,33,NA,NA,23,69.7,NA,27.3,NA,NA,NA,NA,NA,2334.1,"--"
"144","COTE BRILLIANTE ELEM.  (4440)","Eng. Language Arts","Total","Total","Fourth Grade",2015,27,NA,27,NA,NA,18,66.7,NA,18.5,NA,14.8,NA,NA,NA,2385.8,"--"
"145","COTE BRILLIANTE ELEM.  (4440)","Eng. Language Arts","Total","Total","Fifth Grade",2015,24,NA,24,NA,NA,17,70.8,NA,20.8,NA,8.3,NA,NA,NA,2418,"--"
"146","COTE BRILLIANTE ELEM.  (4440)","Eng. Language Arts","Total","Total","Sixth Grade",2015,19,NA,19,NA,NA,NA,26.3,NA,21.1,NA,36.8,NA,15.8,NA,2521.2,"--"
"147","COTE BRILLIANTE ELEM.  (4440)","Mathematics","Total","Total","Third Grade",2015,33,NA,33,NA,NA,20,60.6,12,36.4,NA,NA,NA,NA,NA,2354.6,"--"
"148","COTE BRILLIANTE ELEM.  (4440)","Mathematics","Total","Total","Fourth Grade",2015,27,NA,27,NA,NA,15,55.6,NA,18.5,NA,25.9,NA,NA,NA,2405.9,"--"
"149","COTE BRILLIANTE ELEM.  (4440)","Mathematics","Total","Total","Fifth Grade",2015,24,NA,24,NA,NA,16,66.7,NA,33.3,NA,NA,NA,NA,NA,2424.5,"--"
"150","COTE BRILLIANTE ELEM.  (4440)","Mathematics","Total","Total","Sixth Grade",2015,19,NA,19,NA,NA,NA,31.6,NA,31.6,NA,26.3,NA,10.5,NA,2499.6,"--"
"151","COTE BRILLIANTE ELEM.  (4440)","Science","Total","Total","Fifth Grade",2015,24,NA,24,NA,NA,NA,33.3,15,62.5,NA,NA,NA,NA,NA,633,"--"
"152","DEWEY SCH.-INTERNAT'L. STUDIES  (4470)","Eng. Language Arts","Total","Total","Third Grade",2015,56,NA,56,NA,NA,19,33.9,19,33.9,NA,16.1,NA,16.1,NA,2401.2,"--"
"153","DEWEY SCH.-INTERNAT'L. STUDIES  (4470)","Eng. Language Arts","Total","Total","Fourth Grade",2015,65,NA,65,NA,NA,19,29.2,16,24.6,18,27.7,12,18.5,NA,2457.5,"--"
"154","DEWEY SCH.-INTERNAT'L. STUDIES  (4470)","Eng. Language Arts","Total","Total","Fifth Grade",2015,70,NA,70,NA,NA,13,18.6,19,27.1,28,40,10,14.3,NA,2508.9,"--"
"155","DEWEY SCH.-INTERNAT'L. STUDIES  (4470)","Mathematics","Total","Total","Third Grade",2015,56,NA,56,NA,NA,18,32.1,24,42.9,NA,12.5,NA,12.5,NA,2409.1,"--"
"156","DEWEY SCH.-INTERNAT'L. STUDIES  (4470)","Mathematics","Total","Total","Fourth Grade",2015,65,NA,65,NA,NA,NA,13.8,34,52.3,18,27.7,NA,6.2,NA,2463.2,"--"
"157","DEWEY SCH.-INTERNAT'L. STUDIES  (4470)","Mathematics","Total","Total","Fifth Grade",2015,70,NA,70,NA,NA,18,25.7,32,45.7,10,14.3,10,14.3,NA,2491.6,"--"
"158","DEWEY SCH.-INTERNAT'L. STUDIES  (4470)","Science","Total","Total","Fifth Grade",2015,70,NA,70,NA,NA,NA,7.1,39,55.7,15,21.4,11,15.7,NA,663.9,"--"
"159","DUNBAR AND BR.  (4480)","Eng. Language Arts","Total","Total","Third Grade",2015,32,NA,32,NA,NA,16,50,10,31.3,NA,9.4,NA,9.4,NA,2354.2,"--"
"160","DUNBAR AND BR.  (4480)","Eng. Language Arts","Total","Total","Fourth Grade",2015,28,NA,28,NA,NA,NA,32.1,NA,28.6,10,35.7,NA,NA,NA,2420.3,"--"
"161","DUNBAR AND BR.  (4480)","Eng. Language Arts","Total","Total","Fifth Grade",2015,25,NA,25,NA,NA,16,64,NA,12,NA,24,NA,NA,NA,2432.6,"--"
"162","DUNBAR AND BR.  (4480)","Eng. Language Arts","Total","Total","Sixth Grade",2015,10,NA,10,NA,NA,NA,70,NA,30,NA,NA,NA,NA,NA,2407.7,"--"
"163","DUNBAR AND BR.  (4480)","Mathematics","Total","Total","Third Grade",2015,32,NA,32,NA,NA,14,43.8,11,34.4,NA,18.8,NA,NA,NA,2382.8,"--"
"164","DUNBAR AND BR.  (4480)","Mathematics","Total","Total","Fourth Grade",2015,28,NA,28,NA,NA,NA,25,15,53.6,NA,21.4,NA,NA,NA,2426,"--"
"165","DUNBAR AND BR.  (4480)","Mathematics","Total","Total","Fifth Grade",2015,25,NA,25,NA,NA,14,56,NA,28,NA,12,NA,NA,NA,2439.2,"--"
"166","DUNBAR AND BR.  (4480)","Mathematics","Total","Total","Sixth Grade",2015,10,NA,10,NA,NA,NA,80,NA,10,NA,10,NA,NA,NA,2408.1,"--"
"167","DUNBAR AND BR.  (4480)","Science","Total","Total","Fifth Grade",2015,25,NA,25,NA,NA,11,44,12,48,NA,8,NA,NA,NA,624,"--"
"168","EARL NANCE  SR. ELEM.  (5610)","Eng. Language Arts","Total","Total","Third Grade",2015,60,NA,60,NA,NA,34,56.7,17,28.3,NA,10,NA,5,NA,2364.1,"--"
"169","EARL NANCE  SR. ELEM.  (5610)","Eng. Language Arts","Total","Total","Fourth Grade",2015,44,NA,44,NA,NA,29,65.9,NA,13.6,NA,18.2,NA,NA,NA,2383.7,"--"
"170","EARL NANCE  SR. ELEM.  (5610)","Eng. Language Arts","Total","Total","Fifth Grade",2015,32,NA,32,NA,NA,21,65.6,NA,28.1,NA,6.3,NA,NA,NA,2398.6,"--"
"171","EARL NANCE  SR. ELEM.  (5610)","Eng. Language Arts","Total","Total","Sixth Grade",2015,42,NA,42,NA,NA,19,45.2,10,23.8,11,26.2,NA,NA,NA,2470.3,"--"
"172","EARL NANCE  SR. ELEM.  (5610)","Mathematics","Total","Total","Third Grade",2015,60,NA,60,NA,NA,35,58.3,13,21.7,10,16.7,NA,NA,NA,2373.9,"--"
"173","EARL NANCE  SR. ELEM.  (5610)","Mathematics","Total","Total","Fourth Grade",2015,44,NA,44,NA,NA,26,59.1,16,36.4,NA,NA,NA,NA,NA,2399.8,"--"
"174","EARL NANCE  SR. ELEM.  (5610)","Mathematics","Total","Total","Fifth Grade",2015,32,NA,32,NA,NA,26,81.3,NA,15.6,NA,NA,NA,NA,NA,2403.3,"--"
"175","EARL NANCE  SR. ELEM.  (5610)","Mathematics","Total","Total","Sixth Grade",2015,42,NA,42,NA,NA,30,71.4,10,23.8,NA,NA,NA,NA,NA,2412.6,"--"
"176","EARL NANCE  SR. ELEM.  (5610)","Science","Total","Total","Fifth Grade",2015,32,NA,32,NA,NA,22,68.8,NA,25,NA,6.3,NA,NA,NA,606,"--"
"177","FANNING MIDDLE COMMUNITY ED.  (3140)","Eng. Language Arts","Total","Total","Sixth Grade",2015,81,NA,72,NA,11.1,45,62.5,17,23.6,10,13.9,NA,NA,NA,2433.9,"--"
"178","FANNING MIDDLE COMMUNITY ED.  (3140)","Eng. Language Arts","Total","Total","Seventh Grade",2015,190,NA,178,12,6.3,88,49.4,38,21.3,42,23.6,10,5.6,NA,2487.2,"--"
"179","FANNING MIDDLE COMMUNITY ED.  (3140)","Eng. Language Arts","Total","Total","Eighth Grade",2015,164,NA,159,NA,NA,107,67.3,34,21.4,16,10.1,NA,NA,NA,2466,"--"
"180","FANNING MIDDLE COMMUNITY ED.  (3140)","Mathematics","Total","Total","Sixth Grade",2015,80,NA,80,NA,NA,62,77.5,14,17.5,NA,NA,NA,NA,NA,2404.2,"--"
"181","FANNING MIDDLE COMMUNITY ED.  (3140)","Mathematics","Total","Total","Seventh Grade",2015,189,NA,189,NA,NA,136,72,44,23.3,NA,NA,NA,NA,NA,2422.6,"--"
"182","FANNING MIDDLE COMMUNITY ED.  (3140)","Mathematics","Total","Total","Eighth Grade",2015,165,NA,165,NA,NA,140,84.8,16,9.7,NA,NA,NA,NA,NA,2420.7,"--"
"183","FANNING MIDDLE COMMUNITY ED.  (3140)","Science","Total","Total","Eighth Grade",2015,165,NA,165,NA,NA,119,72.1,34,20.6,NA,5.5,NA,NA,NA,645.6,"--"
"184","FARRAGUT ELEM.  (4580)","Eng. Language Arts","Total","Total","Third Grade",2015,22,NA,22,NA,NA,15,68.2,NA,27.3,NA,NA,NA,NA,NA,2349.2,"--"
"185","FARRAGUT ELEM.  (4580)","Eng. Language Arts","Total","Total","Fourth Grade",2015,18,NA,18,NA,NA,10,55.6,NA,16.7,NA,22.2,NA,5.6,NA,2412.6,"--"
"186","FARRAGUT ELEM.  (4580)","Eng. Language Arts","Total","Total","Fifth Grade",2015,22,NA,22,NA,NA,NA,31.8,NA,NA,13,59.1,NA,NA,NA,2490.3,"--"
"187","FARRAGUT ELEM.  (4580)","Eng. Language Arts","Total","Total","Sixth Grade",2015,21,NA,21,NA,NA,10,47.6,NA,23.8,NA,19,NA,9.5,NA,2472.9,"--"
"188","FARRAGUT ELEM.  (4580)","Mathematics","Total","Total","Third Grade",2015,22,NA,22,NA,NA,12,54.5,NA,9.1,NA,22.7,NA,13.6,NA,2382.4,"--"
"189","FARRAGUT ELEM.  (4580)","Mathematics","Total","Total","Fourth Grade",2015,18,NA,18,NA,NA,NA,5.6,NA,44.4,NA,33.3,NA,16.7,NA,2484.9,"--"
"190","FARRAGUT ELEM.  (4580)","Mathematics","Total","Total","Fifth Grade",2015,22,NA,22,NA,NA,NA,13.6,NA,22.7,13,59.1,NA,NA,NA,2539.3,"--"
"191","FARRAGUT ELEM.  (4580)","Mathematics","Total","Total","Sixth Grade",2015,21,NA,21,NA,NA,NA,19,NA,28.6,NA,19,NA,33.3,NA,2560.3,"--"
"192","FARRAGUT ELEM.  (4580)","Science","Total","Total","Fifth Grade",2015,22,NA,22,NA,NA,NA,22.7,12,54.5,NA,22.7,NA,NA,NA,645.6,"--"
"193","FORD-FORD BR. ELEM. COMM. ED.  (4630)","Eng. Language Arts","Total","Total","Third Grade",2015,40,NA,40,NA,NA,24,60,NA,22.5,NA,12.5,NA,5,NA,2364.4,"--"
"194","FORD-FORD BR. ELEM. COMM. ED.  (4630)","Eng. Language Arts","Total","Total","Fourth Grade",2015,28,NA,28,NA,NA,17,60.7,NA,14.3,NA,25,NA,NA,NA,2393.9,"--"
"195","FORD-FORD BR. ELEM. COMM. ED.  (4630)","Eng. Language Arts","Total","Total","Fifth Grade",2015,28,NA,28,NA,NA,13,46.4,NA,32.1,NA,21.4,NA,NA,NA,2441.2,"--"
"196","FORD-FORD BR. ELEM. COMM. ED.  (4630)","Eng. Language Arts","Total","Total","Sixth Grade",2015,34,NA,33,NA,NA,15,45.5,14,42.4,NA,9.1,NA,NA,NA,2452.6,"--"
"197","FORD-FORD BR. ELEM. COMM. ED.  (4630)","Mathematics","Total","Total","Third Grade",2015,40,NA,40,NA,NA,22,55,11,27.5,NA,15,NA,NA,NA,2360.5,"--"
"198","FORD-FORD BR. ELEM. COMM. ED.  (4630)","Mathematics","Total","Total","Fourth Grade",2015,27,NA,27,NA,NA,12,44.4,10,37,NA,18.5,NA,NA,NA,2405.8,"--"
"199","FORD-FORD BR. ELEM. COMM. ED.  (4630)","Mathematics","Total","Total","Fifth Grade",2015,28,NA,28,NA,NA,17,60.7,NA,25,NA,14.3,NA,NA,NA,2446.4,"--"
"200","FORD-FORD BR. ELEM. COMM. ED.  (4630)","Mathematics","Total","Total","Sixth Grade",2015,34,NA,34,NA,NA,30,88.2,NA,11.8,NA,NA,NA,NA,NA,2388.4,"--"
"201","FORD-FORD BR. ELEM. COMM. ED.  (4630)","Science","Total","Total","Fifth Grade",2015,28,NA,28,NA,NA,10,35.7,14,50,NA,14.3,NA,NA,NA,637,"--"
"202","FROEBEL ELEM.  (4660)","Eng. Language Arts","Total","Total","Third Grade",2015,58,NA,55,NA,5.2,24,43.6,15,27.3,13,23.6,NA,5.5,NA,2380.7,"--"
"203","FROEBEL ELEM.  (4660)","Eng. Language Arts","Total","Total","Fourth Grade",2015,57,NA,56,NA,NA,32,57.1,11,19.6,11,19.6,NA,NA,NA,2397.7,"--"
"204","FROEBEL ELEM.  (4660)","Eng. Language Arts","Total","Total","Fifth Grade",2015,49,NA,44,NA,10.2,25,56.8,NA,20.5,10,22.7,NA,NA,NA,2434.2,"--"
"205","FROEBEL ELEM.  (4660)","Mathematics","Total","Total","Third Grade",2015,58,NA,58,NA,NA,26,44.8,16,27.6,16,27.6,NA,NA,NA,2387.9,"--"
"206","FROEBEL ELEM.  (4660)","Mathematics","Total","Total","Fourth Grade",2015,57,NA,57,NA,NA,23,40.4,25,43.9,NA,15.8,NA,NA,NA,2421.8,"--"
"207","FROEBEL ELEM.  (4660)","Mathematics","Total","Total","Fifth Grade",2015,49,NA,49,NA,NA,26,53.1,15,30.6,NA,8.2,NA,8.2,NA,2450.1,"--"
"208","FROEBEL ELEM.  (4660)","Science","Total","Total","Fifth Grade",2015,50,NA,50,NA,NA,24,48,16,32,NA,14,NA,6,NA,624.9,"--"
"209","GATEWAY ELEM.  (4730)","Eng. Language Arts","Total","Total","Third Grade",2015,89,NA,89,NA,NA,34,38.2,30,33.7,14,15.7,11,12.4,NA,2394.8,"--"
"210","GATEWAY ELEM.  (4730)","Eng. Language Arts","Total","Total","Fourth Grade",2015,87,NA,87,NA,NA,26,29.9,19,21.8,28,32.2,14,16.1,NA,2456.6,"--"
"211","GATEWAY ELEM.  (4730)","Eng. Language Arts","Total","Total","Fifth Grade",2015,89,NA,89,NA,NA,23,25.8,24,27,31,34.8,11,12.4,NA,2489.4,"--"
"212","GATEWAY ELEM.  (4730)","Mathematics","Total","Total","Third Grade",2015,89,NA,89,NA,NA,34,38.2,33,37.1,19,21.3,NA,NA,NA,2385.8,"--"
"213","GATEWAY ELEM.  (4730)","Mathematics","Total","Total","Fourth Grade",2015,87,NA,87,NA,NA,23,26.4,33,37.9,25,28.7,NA,6.9,NA,2455.4,"--"
"214","GATEWAY ELEM.  (4730)","Mathematics","Total","Total","Fifth Grade",2015,89,NA,89,NA,NA,24,27,32,36,19,21.3,14,15.7,NA,2504.8,"--"
"215","GATEWAY ELEM.  (4730)","Science","Total","Total","Fifth Grade",2015,89,NA,89,NA,NA,23,25.8,41,46.1,19,21.3,NA,6.7,NA,647.7,"--"
"216","GATEWAY HIGH  (1220)","Eng. Language Arts","Total","Total","Eleventh Grade",2015,11,NA,11,NA,NA,NA,9.1,NA,NA,NA,27.3,NA,63.6,NA,0,"--"
"217","GATEWAY HIGH  (1220)","Mathematics","Total","Total","Eleventh Grade",2015,11,NA,11,NA,NA,NA,9.1,NA,27.3,NA,63.6,NA,NA,NA,0,"--"
"218","GATEWAY HIGH  (1220)","Science","Total","Total","Eleventh Grade",2015,11,NA,11,NA,NA,NA,NA,NA,NA,NA,18.2,NA,81.8,NA,0,"--"
"219","GATEWAY MIDDLE  (3230)","Eng. Language Arts","Total","Total","Sixth Grade",2015,168,NA,168,NA,NA,71,42.3,57,33.9,35,20.8,NA,NA,NA,2464.9,"--"
"220","GATEWAY MIDDLE  (3230)","Eng. Language Arts","Total","Total","Seventh Grade",2015,190,NA,190,NA,NA,83,43.7,58,30.5,41,21.6,NA,NA,NA,2494.6,"--"
"221","GATEWAY MIDDLE  (3230)","Eng. Language Arts","Total","Total","Eighth Grade",2015,193,NA,193,NA,NA,73,37.8,62,32.1,46,23.8,12,6.2,NA,2519.5,"--"
"222","GATEWAY MIDDLE  (3230)","Mathematics","Total","Total","Sixth Grade",2015,168,NA,168,NA,NA,101,60.1,53,31.5,14,8.3,NA,NA,NA,2441,"--"
"223","GATEWAY MIDDLE  (3230)","Mathematics","Total","Total","Seventh Grade",2015,189,NA,189,NA,NA,137,72.5,41,21.7,NA,NA,NA,NA,NA,2443,"--"
"224","GATEWAY MIDDLE  (3230)","Mathematics","Total","Total","Eighth Grade",2015,179,NA,179,NA,NA,120,67,43,24,14,7.8,NA,NA,NA,2466.2,"--"
"225","GATEWAY MIDDLE  (3230)","Science","Total","Total","Eighth Grade",2015,193,NA,193,NA,NA,111,57.5,57,29.5,19,9.8,NA,NA,NA,662.9,"--"
"226","GRISCOM JUVENILE DETENTION CTR  (1015)","Eng. Language Arts","Total","Total","Sixth Grade",2015,NA,NA,NA,NA,NA,NA,NA,NA,NA,NA,NA,NA,NA,NA,2390,"--"
"227","GRISCOM JUVENILE DETENTION CTR  (1015)","Eng. Language Arts","Total","Total","Seventh Grade",2015,NA,NA,NA,NA,NA,NA,50,NA,50,NA,NA,NA,NA,NA,2403.5,"--"
"228","GRISCOM JUVENILE DETENTION CTR  (1015)","Eng. Language Arts","Total","Total","Eighth Grade",2015,NA,NA,NA,NA,NA,NA,NA,NA,NA,NA,NA,NA,NA,NA,2377.7,"--"
"229","GRISCOM JUVENILE DETENTION CTR  (1015)","Mathematics","Total","Total","Sixth Grade",2015,NA,NA,NA,NA,NA,NA,NA,NA,NA,NA,NA,NA,NA,NA,2351,"--"
"230","GRISCOM JUVENILE DETENTION CTR  (1015)","Mathematics","Total","Total","Seventh Grade",2015,NA,NA,NA,NA,NA,NA,NA,NA,NA,NA,NA,NA,NA,NA,2423,"--"
"231","GRISCOM JUVENILE DETENTION CTR  (1015)","Mathematics","Total","Total","Eighth Grade",2015,NA,NA,NA,NA,NA,NA,NA,NA,NA,NA,NA,NA,NA,NA,2333.3,"--"
"232","GRISCOM JUVENILE DETENTION CTR  (1015)","Science","Total","Total","Eighth Grade",2015,NA,NA,NA,NA,NA,NA,NA,NA,NA,NA,NA,NA,NA,NA,645.8,"--"
"233","HAMILTON ELEM. COMMUNITY ED.  (4780)","Eng. Language Arts","Total","Total","Third Grade",2015,49,NA,47,NA,NA,25,53.2,14,29.8,NA,10.6,NA,6.4,NA,2355.8,"--"
"234","HAMILTON ELEM. COMMUNITY ED.  (4780)","Eng. Language Arts","Total","Total","Fourth Grade",2015,52,NA,50,NA,NA,27,54,NA,16,12,24,NA,6,NA,2418.3,"--"
"235","HAMILTON ELEM. COMMUNITY ED.  (4780)","Eng. Language Arts","Total","Total","Fifth Grade",2015,44,NA,40,NA,9.1,27,67.5,NA,17.5,NA,12.5,NA,NA,NA,2417.5,"--"
"236","HAMILTON ELEM. COMMUNITY ED.  (4780)","Mathematics","Total","Total","Third Grade",2015,49,NA,49,NA,NA,27,55.1,14,28.6,NA,10.2,NA,6.1,NA,2358.7,"--"
"237","HAMILTON ELEM. COMMUNITY ED.  (4780)","Mathematics","Total","Total","Fourth Grade",2015,52,NA,52,NA,NA,22,42.3,24,46.2,NA,5.8,NA,5.8,NA,2418.8,"--"
"238","HAMILTON ELEM. COMMUNITY ED.  (4780)","Mathematics","Total","Total","Fifth Grade",2015,44,NA,44,NA,NA,26,59.1,14,31.8,NA,NA,NA,NA,NA,2437.3,"--"
"239","HAMILTON ELEM. COMMUNITY ED.  (4780)","Science","Total","Total","Fifth Grade",2015,44,NA,44,NA,NA,17,38.6,22,50,NA,6.8,NA,NA,NA,628.8,"--"
"240","HENRY ELEM.  (4880)","Eng. Language Arts","Total","Total","Third Grade",2015,28,NA,28,NA,NA,19,67.9,NA,10.7,NA,7.1,NA,14.3,NA,2354.9,"--"
"241","HENRY ELEM.  (4880)","Eng. Language Arts","Total","Total","Fourth Grade",2015,38,NA,38,NA,NA,27,71.1,NA,18.4,NA,10.5,NA,NA,NA,2384.3,"--"
"242","HENRY ELEM.  (4880)","Eng. Language Arts","Total","Total","Fifth Grade",2015,22,NA,22,NA,NA,12,54.5,NA,27.3,NA,18.2,NA,NA,NA,2428.8,"--"
"243","HENRY ELEM.  (4880)","Eng. Language Arts","Total","Total","Sixth Grade",2015,20,NA,20,NA,NA,NA,45,NA,30,NA,25,NA,NA,NA,2474.2,"--"
"244","HENRY ELEM.  (4880)","Mathematics","Total","Total","Third Grade",2015,28,NA,28,NA,NA,21,75,NA,14.3,NA,10.7,NA,NA,NA,2329.6,"--"
"245","HENRY ELEM.  (4880)","Mathematics","Total","Total","Fourth Grade",2015,38,NA,38,NA,NA,29,76.3,NA,18.4,NA,NA,NA,NA,NA,2379.4,"--"
"246","HENRY ELEM.  (4880)","Mathematics","Total","Total","Fifth Grade",2015,22,NA,22,NA,NA,17,77.3,NA,22.7,NA,NA,NA,NA,NA,2413.3,"--"
"247","HENRY ELEM.  (4880)","Mathematics","Total","Total","Sixth Grade",2015,20,NA,20,NA,NA,14,70,NA,20,NA,10,NA,NA,NA,2437.6,"--"
"248","HENRY ELEM.  (4880)","Science","Total","Total","Fifth Grade",2015,22,NA,22,NA,NA,NA,31.8,14,63.6,NA,NA,NA,NA,NA,629.1,"--"
"249","HERZOG ELEM.  (4900)","Eng. Language Arts","Total","Total","Third Grade",2015,52,NA,52,NA,NA,37,71.2,NA,11.5,NA,11.5,NA,5.8,NA,2341.8,"--"
"250","HERZOG ELEM.  (4900)","Eng. Language Arts","Total","Total","Fourth Grade",2015,55,NA,55,NA,NA,29,52.7,11,20,NA,14.5,NA,12.7,NA,2409.9,"--"
"251","HERZOG ELEM.  (4900)","Eng. Language Arts","Total","Total","Fifth Grade",2015,42,NA,42,NA,NA,28,66.7,NA,21.4,NA,11.9,NA,NA,NA,2412.9,"--"
"252","HERZOG ELEM.  (4900)","Eng. Language Arts","Total","Total","Sixth Grade",2015,33,NA,33,NA,NA,17,51.5,13,39.4,NA,9.1,NA,NA,NA,2447.7,"--"
"253","HERZOG ELEM.  (4900)","Mathematics","Total","Total","Third Grade",2015,52,NA,52,NA,NA,39,75,NA,15.4,NA,5.8,NA,NA,NA,2341.5,"--"
"254","HERZOG ELEM.  (4900)","Mathematics","Total","Total","Fourth Grade",2015,55,NA,55,NA,NA,36,65.5,15,27.3,NA,7.3,NA,NA,NA,2387.1,"--"
"255","HERZOG ELEM.  (4900)","Mathematics","Total","Total","Fifth Grade",2015,42,NA,42,NA,NA,34,81,NA,11.9,NA,NA,NA,NA,NA,2412.9,"--"
"256","HERZOG ELEM.  (4900)","Mathematics","Total","Total","Sixth Grade",2015,33,NA,33,NA,NA,24,72.7,NA,24.2,NA,NA,NA,NA,NA,2421.6,"--"
"257","HERZOG ELEM.  (4900)","Science","Total","Total","Fifth Grade",2015,42,NA,42,NA,NA,17,40.5,23,54.8,NA,NA,NA,NA,NA,621.2,"--"
"258","HICKEY ELEM.  (4890)","Eng. Language Arts","Total","Total","Third Grade",2015,33,NA,33,NA,NA,20,60.6,NA,18.2,NA,9.1,NA,12.1,NA,2349.6,"--"
"259","HICKEY ELEM.  (4890)","Eng. Language Arts","Total","Total","Fourth Grade",2015,31,NA,31,NA,NA,15,48.4,NA,29,NA,16.1,NA,6.5,NA,2409.1,"--"
"260","HICKEY ELEM.  (4890)","Eng. Language Arts","Total","Total","Fifth Grade",2015,26,NA,26,NA,NA,10,38.5,NA,26.9,NA,30.8,NA,NA,NA,2453.6,"--"
"261","HICKEY ELEM.  (4890)","Mathematics","Total","Total","Third Grade",2015,33,NA,33,NA,NA,18,54.5,NA,18.2,NA,24.2,NA,NA,NA,2369.8,"--"
"262","HICKEY ELEM.  (4890)","Mathematics","Total","Total","Fourth Grade",2015,31,NA,31,NA,NA,NA,29,16,51.6,NA,16.1,NA,NA,NA,2431.2,"--"
"263","HICKEY ELEM.  (4890)","Mathematics","Total","Total","Fifth Grade",2015,26,NA,26,NA,NA,12,46.2,10,38.5,NA,15.4,NA,NA,NA,2466.8,"--"
"264","HICKEY ELEM.  (4890)","Science","Total","Total","Fifth Grade",2015,25,NA,25,NA,NA,NA,32,13,52,NA,16,NA,NA,NA,632.1,"--"
"265","HODGEN ELEM.  (4920)","Eng. Language Arts","Total","Total","Third Grade",2015,44,NA,44,NA,NA,19,43.2,13,29.5,NA,18.2,NA,9.1,NA,2393.1,"--"
"266","HODGEN ELEM.  (4920)","Eng. Language Arts","Total","Total","Fourth Grade",2015,33,NA,33,NA,NA,15,45.5,NA,21.2,NA,21.2,NA,12.1,NA,2422.3,"--"
"267","HODGEN ELEM.  (4920)","Eng. Language Arts","Total","Total","Fifth Grade",2015,23,NA,23,NA,NA,NA,39.1,NA,26.1,NA,26.1,NA,8.7,NA,2465.8,"--"
"268","HODGEN ELEM.  (4920)","Eng. Language Arts","Total","Total","Sixth Grade",2015,19,NA,19,NA,NA,10,52.6,NA,26.3,NA,21.1,NA,NA,NA,2461.4,"--"
"269","HODGEN ELEM.  (4920)","Mathematics","Total","Total","Third Grade",2015,44,NA,44,NA,NA,24,54.5,11,25,NA,18.2,NA,NA,NA,2384.7,"--"
"270","HODGEN ELEM.  (4920)","Mathematics","Total","Total","Fourth Grade",2015,33,NA,33,NA,NA,15,45.5,11,33.3,NA,15.2,NA,6.1,NA,2430.9,"--"
"271","HODGEN ELEM.  (4920)","Mathematics","Total","Total","Fifth Grade",2015,23,NA,23,NA,NA,13,56.5,NA,34.8,NA,8.7,NA,NA,NA,2442,"--"
"272","HODGEN ELEM.  (4920)","Mathematics","Total","Total","Sixth Grade",2015,19,NA,19,NA,NA,16,84.2,NA,15.8,NA,NA,NA,NA,NA,2412.3,"--"
"273","HODGEN ELEM.  (4920)","Science","Total","Total","Fifth Grade",2015,23,NA,23,NA,NA,NA,30.4,12,52.2,NA,13,NA,NA,NA,639.1,"--"
"274","HUMBOLDT ACAD OF HIGHER LRNING  (4960)","Eng. Language Arts","Total","Total","Third Grade",2015,112,NA,112,NA,NA,55,49.1,35,31.3,11,9.8,11,9.8,NA,2373.7,"--"
"275","HUMBOLDT ACAD OF HIGHER LRNING  (4960)","Eng. Language Arts","Total","Total","Fourth Grade",2015,106,NA,106,NA,NA,51,48.1,22,20.8,22,20.8,11,10.4,NA,2421.3,"--"
"276","HUMBOLDT ACAD OF HIGHER LRNING  (4960)","Eng. Language Arts","Total","Total","Fifth Grade",2015,87,NA,87,NA,NA,39,44.8,17,19.5,25,28.7,NA,6.9,NA,2459.3,"--"
"277","HUMBOLDT ACAD OF HIGHER LRNING  (4960)","Mathematics","Total","Total","Third Grade",2015,112,NA,112,NA,NA,49,43.8,45,40.2,16,14.3,NA,NA,NA,2382.2,"--"
"278","HUMBOLDT ACAD OF HIGHER LRNING  (4960)","Mathematics","Total","Total","Fourth Grade",2015,106,NA,106,NA,NA,51,48.1,47,44.3,NA,7.5,NA,NA,NA,2408.7,"--"
"279","HUMBOLDT ACAD OF HIGHER LRNING  (4960)","Mathematics","Total","Total","Fifth Grade",2015,87,NA,87,NA,NA,46,52.9,34,39.1,NA,NA,NA,NA,NA,2451.9,"--"
"280","HUMBOLDT ACAD OF HIGHER LRNING  (4960)","Science","Total","Total","Fifth Grade",2015,87,NA,87,NA,NA,25,28.7,43,49.4,12,13.8,NA,8,NA,641.8,"--"
"281","JEFFERSON ELEM.  (5020)","Eng. Language Arts","Total","Total","Third Grade",2015,23,NA,23,NA,NA,13,56.5,NA,30.4,NA,13,NA,NA,NA,2358.1,"--"
"282","JEFFERSON ELEM.  (5020)","Eng. Language Arts","Total","Total","Fourth Grade",2015,30,NA,30,NA,NA,15,50,NA,13.3,10,33.3,NA,NA,NA,2413.3,"--"
"283","JEFFERSON ELEM.  (5020)","Eng. Language Arts","Total","Total","Fifth Grade",2015,15,NA,15,NA,NA,NA,26.7,10,66.7,NA,6.7,NA,NA,NA,2448.3,"--"
"284","JEFFERSON ELEM.  (5020)","Mathematics","Total","Total","Third Grade",2015,23,NA,23,NA,NA,14,60.9,NA,21.7,NA,17.4,NA,NA,NA,2346.7,"--"
"285","JEFFERSON ELEM.  (5020)","Mathematics","Total","Total","Fourth Grade",2015,30,NA,30,NA,NA,13,43.3,14,46.7,NA,10,NA,NA,NA,2422.8,"--"
"286","JEFFERSON ELEM.  (5020)","Mathematics","Total","Total","Fifth Grade",2015,15,NA,15,NA,NA,11,73.3,NA,20,NA,6.7,NA,NA,NA,2429.1,"--"
"287","JEFFERSON ELEM.  (5020)","Science","Total","Total","Fifth Grade",2015,15,NA,15,NA,NA,NA,33.3,10,66.7,NA,NA,NA,NA,NA,630.3,"--"
"288","KENNARD/CLASSICAL JR. ACAD.  (5030)","Eng. Language Arts","Total","Total","Third Grade",2015,68,NA,68,NA,NA,NA,NA,NA,NA,NA,8.8,61,89.7,NA,2566.4,"--"
"289","KENNARD/CLASSICAL JR. ACAD.  (5030)","Eng. Language Arts","Total","Total","Fourth Grade",2015,68,NA,68,NA,NA,NA,NA,NA,NA,NA,10.3,61,89.7,NA,2605.1,"--"
"290","KENNARD/CLASSICAL JR. ACAD.  (5030)","Eng. Language Arts","Total","Total","Fifth Grade",2015,77,NA,77,NA,NA,NA,NA,NA,NA,19,24.7,56,72.7,NA,2612.7,"--"
"291","KENNARD/CLASSICAL JR. ACAD.  (5030)","Mathematics","Total","Total","Third Grade",2015,68,NA,68,NA,NA,NA,NA,NA,NA,11,16.2,53,77.9,NA,2545.4,"--"
"292","KENNARD/CLASSICAL JR. ACAD.  (5030)","Mathematics","Total","Total","Fourth Grade",2015,68,NA,68,NA,NA,NA,NA,NA,7.4,22,32.4,41,60.3,NA,2567,"--"
"293","KENNARD/CLASSICAL JR. ACAD.  (5030)","Mathematics","Total","Total","Fifth Grade",2015,77,NA,77,NA,NA,NA,NA,NA,10.4,10,13,56,72.7,NA,2605.6,"--"
"294","KENNARD/CLASSICAL JR. ACAD.  (5030)","Science","Total","Total","Fifth Grade",2015,77,NA,77,NA,NA,NA,NA,NA,7.8,22,28.6,49,63.6,NA,700.5,"--"
"295","LACLEDE ELEM.  (5060)","Eng. Language Arts","Total","Total","Third Grade",2015,38,NA,38,NA,NA,26,68.4,NA,15.8,NA,7.9,NA,7.9,NA,2319.7,"--"
"296","LACLEDE ELEM.  (5060)","Eng. Language Arts","Total","Total","Fourth Grade",2015,39,NA,39,NA,NA,24,61.5,11,28.2,NA,7.7,NA,NA,NA,2379.6,"--"
"297","LACLEDE ELEM.  (5060)","Eng. Language Arts","Total","Total","Fifth Grade",2015,36,NA,36,NA,NA,20,55.6,NA,19.4,NA,19.4,NA,5.6,NA,2422.4,"--"
"298","LACLEDE ELEM.  (5060)","Mathematics","Total","Total","Third Grade",2015,38,NA,38,NA,NA,31,81.6,NA,13.2,NA,5.3,NA,NA,NA,2345.9,"--"
"299","LACLEDE ELEM.  (5060)","Mathematics","Total","Total","Fourth Grade",2015,39,NA,39,NA,NA,27,69.2,12,30.8,NA,NA,NA,NA,NA,2388.3,"--"
"300","LACLEDE ELEM.  (5060)","Mathematics","Total","Total","Fifth Grade",2015,36,NA,36,NA,NA,23,63.9,NA,25,NA,8.3,NA,NA,NA,2439.4,"--"
"301","LACLEDE ELEM.  (5060)","Science","Total","Total","Fifth Grade",2015,36,NA,36,NA,NA,16,44.4,17,47.2,NA,5.6,NA,NA,NA,623.8,"--"
"302","LANGSTON MIDDLE  (3240)","Eng. Language Arts","Total","Total","Sixth Grade",2015,65,NA,64,NA,NA,43,67.2,12,18.8,NA,14.1,NA,NA,NA,2419.2,"--"
"303","LANGSTON MIDDLE  (3240)","Eng. Language Arts","Total","Total","Seventh Grade",2015,120,NA,119,NA,NA,83,69.7,25,21,10,8.4,NA,NA,NA,2444.6,"--"
"304","LANGSTON MIDDLE  (3240)","Eng. Language Arts","Total","Total","Eighth Grade",2015,119,NA,117,NA,NA,74,63.2,30,25.6,12,10.3,NA,NA,NA,2461.2,"--"
"305","LANGSTON MIDDLE  (3240)","Mathematics","Total","Total","Sixth Grade",2015,65,NA,65,NA,NA,52,80,11,16.9,NA,NA,NA,NA,NA,2408.4,"--"
"306","LANGSTON MIDDLE  (3240)","Mathematics","Total","Total","Seventh Grade",2015,120,NA,120,NA,NA,86,71.7,31,25.8,NA,NA,NA,NA,NA,2421.7,"--"
"307","LANGSTON MIDDLE  (3240)","Mathematics","Total","Total","Eighth Grade",2015,119,NA,117,NA,NA,108,92.3,NA,6.8,NA,NA,NA,NA,NA,2416.1,"--"
"308","LANGSTON MIDDLE  (3240)","Science","Total","Total","Eighth Grade",2015,120,NA,119,NA,NA,81,68.1,32,26.9,NA,5,NA,NA,NA,653,"--"
"309","LEXINGTON ELEM.  (5100)","Eng. Language Arts","Total","Total","Third Grade",2015,51,NA,51,NA,NA,18,35.3,19,37.3,NA,17.6,NA,9.8,NA,2391.1,"--"
"310","LEXINGTON ELEM.  (5100)","Eng. Language Arts","Total","Total","Fourth Grade",2015,48,NA,48,NA,NA,22,45.8,11,22.9,12,25,NA,6.3,NA,2415.1,"--"
"311","LEXINGTON ELEM.  (5100)","Eng. Language Arts","Total","Total","Fifth Grade",2015,43,NA,43,NA,NA,12,27.9,12,27.9,16,37.2,NA,7,NA,2485,"--"
"312","LEXINGTON ELEM.  (5100)","Mathematics","Total","Total","Third Grade",2015,51,NA,51,NA,NA,NA,17.6,19,37.3,21,41.2,NA,NA,NA,2419.7,"--"
"313","LEXINGTON ELEM.  (5100)","Mathematics","Total","Total","Fourth Grade",2015,48,NA,48,NA,NA,22,45.8,22,45.8,NA,8.3,NA,NA,NA,2410.8,"--"
"314","LEXINGTON ELEM.  (5100)","Mathematics","Total","Total","Fifth Grade",2015,43,NA,43,NA,NA,14,32.6,13,30.2,12,27.9,NA,9.3,NA,2486.8,"--"
"315","LEXINGTON ELEM.  (5100)","Science","Total","Total","Fifth Grade",2015,43,NA,43,NA,NA,NA,14,23,53.5,10,23.3,NA,9.3,NA,652.5,"--"
"316","LONG MIDDLE COMMUNITY ED. CTR.  (3260)","Eng. Language Arts","Total","Total","Fifth Grade",2015,NA,NA,NA,NA,NA,NA,NA,NA,NA,NA,NA,NA,NA,NA,2396,"--"
"317","LONG MIDDLE COMMUNITY ED. CTR.  (3260)","Eng. Language Arts","Total","Total","Sixth Grade",2015,73,NA,70,NA,NA,28,40,24,34.3,15,21.4,NA,NA,NA,2464.1,"--"
"318","LONG MIDDLE COMMUNITY ED. CTR.  (3260)","Eng. Language Arts","Total","Total","Seventh Grade",2015,96,NA,89,NA,7.3,42,47.2,16,18,25,28.1,NA,6.7,NA,2490.4,"--"
"319","LONG MIDDLE COMMUNITY ED. CTR.  (3260)","Eng. Language Arts","Total","Total","Eighth Grade",2015,92,NA,80,12,13,36,45,23,28.8,19,23.8,NA,NA,NA,2501.4,"--"
"320","LONG MIDDLE COMMUNITY ED. CTR.  (3260)","Mathematics","Total","Total","Fifth Grade",2015,NA,NA,NA,NA,NA,NA,NA,NA,NA,NA,NA,NA,NA,NA,2391,"--"
"321","LONG MIDDLE COMMUNITY ED. CTR.  (3260)","Mathematics","Total","Total","Sixth Grade",2015,73,NA,73,NA,NA,46,63,19,26,NA,8.2,NA,NA,NA,2444.9,"--"
"322","LONG MIDDLE COMMUNITY ED. CTR.  (3260)","Mathematics","Total","Total","Seventh Grade",2015,96,NA,96,NA,NA,66,68.8,19,19.8,10,10.4,NA,NA,NA,2437.6,"--"
"323","LONG MIDDLE COMMUNITY ED. CTR.  (3260)","Mathematics","Total","Total","Eighth Grade",2015,91,NA,91,NA,NA,67,73.6,19,20.9,NA,NA,NA,NA,NA,2443.6,"--"
"324","LONG MIDDLE COMMUNITY ED. CTR.  (3260)","Science","Total","Total","Fifth Grade",2015,NA,NA,NA,NA,NA,NA,NA,NA,NA,NA,NA,NA,NA,NA,547,"--"
"325","LONG MIDDLE COMMUNITY ED. CTR.  (3260)","Science","Total","Total","Eighth Grade",2015,91,NA,91,NA,NA,53,58.2,25,27.5,12,13.2,NA,NA,NA,656.1,"--"
"326","LYON AT BLOW ELEM.  (5180)","Eng. Language Arts","Total","Total","Third Grade",2015,39,NA,39,NA,NA,22,56.4,10,25.6,NA,12.8,NA,5.1,NA,2355.7,"--"
"327","LYON AT BLOW ELEM.  (5180)","Eng. Language Arts","Total","Total","Fourth Grade",2015,26,NA,26,NA,NA,15,57.7,NA,26.9,NA,11.5,NA,NA,NA,2397.4,"--"
"328","LYON AT BLOW ELEM.  (5180)","Eng. Language Arts","Total","Total","Fifth Grade",2015,35,NA,35,NA,NA,29,82.9,NA,8.6,NA,NA,NA,5.7,NA,2403.5,"--"
"329","LYON AT BLOW ELEM.  (5180)","Eng. Language Arts","Total","Total","Sixth Grade",2015,54,NA,54,NA,NA,33,61.1,19,35.2,NA,NA,NA,NA,NA,2436.7,"--"
"330","LYON AT BLOW ELEM.  (5180)","Eng. Language Arts","Total","Total","Seventh Grade",2015,66,NA,65,NA,NA,33,50.8,20,30.8,11,16.9,NA,NA,NA,2472.4,"--"
"331","LYON AT BLOW ELEM.  (5180)","Eng. Language Arts","Total","Total","Eighth Grade",2015,63,NA,63,NA,NA,22,34.9,28,44.4,11,17.5,NA,NA,NA,2511.7,"--"
"332","LYON AT BLOW ELEM.  (5180)","Mathematics","Total","Total","Third Grade",2015,39,NA,39,NA,NA,29,74.4,NA,15.4,NA,7.7,NA,NA,NA,2342.3,"--"
"333","LYON AT BLOW ELEM.  (5180)","Mathematics","Total","Total","Fourth Grade",2015,26,NA,26,NA,NA,19,73.1,NA,23.1,NA,NA,NA,NA,NA,2391.7,"--"
"334","LYON AT BLOW ELEM.  (5180)","Mathematics","Total","Total","Fifth Grade",2015,35,NA,35,NA,NA,32,91.4,NA,5.7,NA,NA,NA,NA,NA,2396.7,"--"
"335","LYON AT BLOW ELEM.  (5180)","Mathematics","Total","Total","Sixth Grade",2015,54,NA,54,NA,NA,40,74.1,14,25.9,NA,NA,NA,NA,NA,2413.3,"--"
"336","LYON AT BLOW ELEM.  (5180)","Mathematics","Total","Total","Seventh Grade",2015,66,NA,66,NA,NA,49,74.2,13,19.7,NA,6.1,NA,NA,NA,2437.7,"--"
"337","LYON AT BLOW ELEM.  (5180)","Mathematics","Total","Total","Eighth Grade",2015,63,NA,63,NA,NA,40,63.5,16,25.4,NA,11.1,NA,NA,NA,2469,"--"
"338","LYON AT BLOW ELEM.  (5180)","Science","Total","Total","Fifth Grade",2015,36,NA,36,NA,NA,24,66.7,NA,19.4,NA,8.3,NA,5.6,NA,618.8,"--"
"339","LYON AT BLOW ELEM.  (5180)","Science","Total","Total","Eighth Grade",2015,62,NA,62,NA,NA,21,33.9,32,51.6,NA,14.5,NA,NA,NA,672.9,"--"
"340","MALLINCKRODT A.B.I. ELEM.  (5240)","Eng. Language Arts","Total","Total","Third Grade",2015,40,NA,40,NA,NA,NA,NA,NA,NA,NA,12.5,35,87.5,NA,2550.3,"--"
"341","MALLINCKRODT A.B.I. ELEM.  (5240)","Eng. Language Arts","Total","Total","Fourth Grade",2015,36,NA,36,NA,NA,NA,8.3,NA,5.6,NA,25,22,61.1,NA,2548.7,"--"
"342","MALLINCKRODT A.B.I. ELEM.  (5240)","Eng. Language Arts","Total","Total","Fifth Grade",2015,39,NA,39,NA,NA,NA,15.4,NA,23.1,14,35.9,10,25.6,NA,2528.8,"--"
"343","MALLINCKRODT A.B.I. ELEM.  (5240)","Mathematics","Total","Total","Third Grade",2015,40,NA,40,NA,NA,NA,NA,NA,5,14,35,24,60,NA,2510.6,"--"
"344","MALLINCKRODT A.B.I. ELEM.  (5240)","Mathematics","Total","Total","Fourth Grade",2015,36,NA,36,NA,NA,NA,11.1,NA,16.7,16,44.4,10,27.8,NA,2509.8,"--"
"345","MALLINCKRODT A.B.I. ELEM.  (5240)","Mathematics","Total","Total","Fifth Grade",2015,39,NA,39,NA,NA,11,28.2,15,38.5,NA,15.4,NA,17.9,NA,2498.2,"--"
"346","MALLINCKRODT A.B.I. ELEM.  (5240)","Science","Total","Total","Fifth Grade",2015,39,NA,39,NA,NA,NA,7.7,20,51.3,10,25.6,NA,15.4,NA,663.4,"--"
"347","MANN ELEM.  (5260)","Eng. Language Arts","Total","Total","Third Grade",2015,40,NA,39,NA,NA,20,51.3,NA,23.1,NA,20.5,NA,5.1,NA,2378.2,"--"
"348","MANN ELEM.  (5260)","Eng. Language Arts","Total","Total","Fourth Grade",2015,33,NA,32,NA,NA,13,40.6,NA,28.1,NA,15.6,NA,15.6,NA,2452.1,"--"
"349","MANN ELEM.  (5260)","Eng. Language Arts","Total","Total","Fifth Grade",2015,37,NA,36,NA,NA,17,47.2,NA,19.4,10,27.8,NA,5.6,NA,2459,"--"
"350","MANN ELEM.  (5260)","Eng. Language Arts","Total","Total","Sixth Grade",2015,27,NA,27,NA,NA,NA,29.6,11,40.7,NA,18.5,NA,11.1,NA,2494.2,"--"
"351","MANN ELEM.  (5260)","Mathematics","Total","Total","Third Grade",2015,40,NA,40,NA,NA,21,52.5,NA,22.5,NA,17.5,NA,7.5,NA,2389.2,"--"
"352","MANN ELEM.  (5260)","Mathematics","Total","Total","Fourth Grade",2015,32,NA,32,NA,NA,16,50,12,37.5,NA,6.3,NA,6.3,NA,2425.1,"--"
"353","MANN ELEM.  (5260)","Mathematics","Total","Total","Fifth Grade",2015,37,NA,37,NA,NA,19,51.4,12,32.4,NA,16.2,NA,NA,NA,2450.1,"--"
"354","MANN ELEM.  (5260)","Mathematics","Total","Total","Sixth Grade",2015,27,NA,27,NA,NA,14,51.9,10,37,NA,7.4,NA,NA,NA,2460.8,"--"
"355","MANN ELEM.  (5260)","Science","Total","Total","Fifth Grade",2015,39,NA,39,NA,NA,11,28.2,17,43.6,NA,20.5,NA,7.7,NA,641.6,"--"
"356","MASON ELEM.  (5340)","Eng. Language Arts","Total","Total","Third Grade",2015,55,NA,55,NA,NA,11,20,17,30.9,10,18.2,17,30.9,NA,2432.6,"--"
"357","MASON ELEM.  (5340)","Eng. Language Arts","Total","Total","Fourth Grade",2015,43,NA,43,NA,NA,15,34.9,NA,16.3,15,34.9,NA,14,NA,2458.3,"--"
"358","MASON ELEM.  (5340)","Eng. Language Arts","Total","Total","Fifth Grade",2015,44,NA,44,NA,NA,NA,15.9,12,27.3,21,47.7,NA,9.1,NA,2499.9,"--"
"359","MASON ELEM.  (5340)","Eng. Language Arts","Total","Total","Sixth Grade",2015,39,NA,39,NA,NA,NA,12.8,15,38.5,11,28.2,NA,20.5,NA,2530.3,"--"
"360","MASON ELEM.  (5340)","Mathematics","Total","Total","Third Grade",2015,55,NA,55,NA,NA,11,20,18,32.7,14,25.5,12,21.8,NA,2433,"--"
"361","MASON ELEM.  (5340)","Mathematics","Total","Total","Fourth Grade",2015,43,NA,43,NA,NA,NA,16.3,17,39.5,15,34.9,NA,9.3,NA,2467.8,"--"
"362","MASON ELEM.  (5340)","Mathematics","Total","Total","Fifth Grade",2015,44,NA,44,NA,NA,16,36.4,17,38.6,NA,20.5,NA,NA,NA,2482.2,"--"
"363","MASON ELEM.  (5340)","Mathematics","Total","Total","Sixth Grade",2015,39,NA,39,NA,NA,NA,20.5,13,33.3,11,28.2,NA,17.9,NA,2541,"--"
"364","MASON ELEM.  (5340)","Science","Total","Total","Fifth Grade",2015,44,NA,44,NA,NA,NA,13.6,25,56.8,10,22.7,NA,6.8,NA,651.8,"--"
"365","MCKINLEY CLASS. LEADERSHIP AC.  (1570)","Eng. Language Arts","Total","Total","Sixth Grade",2015,113,NA,113,NA,NA,NA,NA,NA,8,43,38.1,58,51.3,NA,2617.3,"--"
"366","MCKINLEY CLASS. LEADERSHIP AC.  (1570)","Eng. Language Arts","Total","Total","Seventh Grade",2015,102,NA,102,NA,NA,NA,NA,18,17.6,49,48,32,31.4,NA,2611.7,"--"
"367","MCKINLEY CLASS. LEADERSHIP AC.  (1570)","Eng. Language Arts","Total","Total","Eighth Grade",2015,89,NA,89,NA,NA,NA,NA,10,11.2,47,52.8,31,34.8,NA,2648.4,"--"
"368","MCKINLEY CLASS. LEADERSHIP AC.  (1570)","Eng. Language Arts","Total","Total","Eleventh Grade",2015,NA,NA,NA,NA,NA,NA,75,NA,NA,NA,NA,NA,25,NA,0,"--"
"369","MCKINLEY CLASS. LEADERSHIP AC.  (1570)","Mathematics","Total","Total","Sixth Grade",2015,112,NA,112,NA,NA,10,8.9,32,28.6,26,23.2,44,39.3,NA,2587,"--"
"370","MCKINLEY CLASS. LEADERSHIP AC.  (1570)","Mathematics","Total","Total","Seventh Grade",2015,82,NA,82,NA,NA,10,12.2,29,35.4,29,35.4,14,17.1,NA,2572,"--"
"371","MCKINLEY CLASS. LEADERSHIP AC.  (1570)","Mathematics","Total","Total","Eighth Grade",2015,56,NA,56,NA,NA,NA,12.5,19,33.9,18,32.1,12,21.4,NA,2604.7,"--"
"372","MCKINLEY CLASS. LEADERSHIP AC.  (1570)","Mathematics","Total","Total","Eleventh Grade",2015,NA,NA,NA,NA,NA,NA,75,NA,NA,NA,25,NA,NA,NA,0,"--"
"373","MCKINLEY CLASS. LEADERSHIP AC.  (1570)","Science","Total","Total","Eighth Grade",2015,89,NA,89,NA,NA,NA,NA,12,13.5,52,58.4,24,27,NA,723.8,"--"
"374","MCKINLEY CLASS. LEADERSHIP AC.  (1570)","Science","Total","Total","Eleventh Grade",2015,NA,NA,NA,NA,NA,NA,NA,NA,NA,NA,NA,NA,NA,NA,0,"--"
"375","MERAMEC ELEM.  (5500)","Eng. Language Arts","Total","Total","Third Grade",2015,28,NA,27,NA,NA,16,59.3,NA,25.9,NA,14.8,NA,NA,NA,2336.9,"--"
"376","MERAMEC ELEM.  (5500)","Eng. Language Arts","Total","Total","Fourth Grade",2015,33,NA,29,NA,12.1,13,44.8,NA,31,NA,13.8,NA,10.3,NA,2420.7,"--"
"377","MERAMEC ELEM.  (5500)","Eng. Language Arts","Total","Total","Fifth Grade",2015,35,NA,35,NA,NA,20,57.1,NA,17.1,NA,20,NA,5.7,NA,2425.4,"--"
"378","MERAMEC ELEM.  (5500)","Mathematics","Total","Total","Third Grade",2015,28,NA,28,NA,NA,18,64.3,NA,28.6,NA,7.1,NA,NA,NA,2343.6,"--"
"379","MERAMEC ELEM.  (5500)","Mathematics","Total","Total","Fourth Grade",2015,33,NA,33,NA,NA,16,48.5,12,36.4,NA,12.1,NA,NA,NA,2415.3,"--"
"380","MERAMEC ELEM.  (5500)","Mathematics","Total","Total","Fifth Grade",2015,35,NA,35,NA,NA,23,65.7,NA,14.3,NA,11.4,NA,8.6,NA,2432.9,"--"
"381","MERAMEC ELEM.  (5500)","Science","Total","Total","Fifth Grade",2015,35,NA,35,NA,NA,20,57.1,12,34.3,NA,5.7,NA,NA,NA,611.8,"--"
"382","MONROE ELEM.  (5560)","Eng. Language Arts","Total","Total","Third Grade",2015,48,NA,48,NA,NA,35,72.9,10,20.8,NA,NA,NA,NA,NA,2330.9,"--"
"383","MONROE ELEM.  (5560)","Eng. Language Arts","Total","Total","Fourth Grade",2015,50,NA,50,NA,NA,34,68,NA,18,NA,NA,NA,10,NA,2379.7,"--"
"384","MONROE ELEM.  (5560)","Eng. Language Arts","Total","Total","Fifth Grade",2015,35,NA,34,NA,NA,24,70.6,NA,14.7,NA,8.8,NA,5.9,NA,2404.4,"--"
"385","MONROE ELEM.  (5560)","Eng. Language Arts","Total","Total","Sixth Grade",2015,23,NA,23,NA,NA,12,52.2,NA,39.1,NA,8.7,NA,NA,NA,2449.4,"--"
"386","MONROE ELEM.  (5560)","Mathematics","Total","Total","Third Grade",2015,48,NA,48,NA,NA,43,89.6,NA,8.3,NA,NA,NA,NA,NA,2324,"--"
"387","MONROE ELEM.  (5560)","Mathematics","Total","Total","Fourth Grade",2015,50,NA,50,NA,NA,38,76,NA,12,NA,12,NA,NA,NA,2382.7,"--"
"388","MONROE ELEM.  (5560)","Mathematics","Total","Total","Fifth Grade",2015,35,NA,35,NA,NA,29,82.9,NA,14.3,NA,NA,NA,NA,NA,2394.1,"--"
"389","MONROE ELEM.  (5560)","Mathematics","Total","Total","Sixth Grade",2015,23,NA,23,NA,NA,11,47.8,NA,8.7,NA,13,NA,30.4,NA,2489.2,"--"
"390","MONROE ELEM.  (5560)","Science","Total","Total","Fifth Grade",2015,35,NA,35,NA,NA,19,54.3,15,42.9,NA,NA,NA,NA,NA,613.1,"--"
"391","MULLANPHY BOTANICAL GARDENS  (5590)","Eng. Language Arts","Total","Total","Third Grade",2015,72,NA,72,NA,NA,29,40.3,24,33.3,NA,12.5,10,13.9,NA,2397.1,"--"
"392","MULLANPHY BOTANICAL GARDENS  (5590)","Eng. Language Arts","Total","Total","Fourth Grade",2015,64,NA,64,NA,NA,33,51.6,15,23.4,13,20.3,NA,NA,NA,2413.5,"--"
"393","MULLANPHY BOTANICAL GARDENS  (5590)","Eng. Language Arts","Total","Total","Fifth Grade",2015,64,NA,64,NA,NA,36,56.3,13,20.3,15,23.4,NA,NA,NA,2425,"--"
"394","MULLANPHY BOTANICAL GARDENS  (5590)","Mathematics","Total","Total","Third Grade",2015,72,NA,72,NA,NA,21,29.2,26,36.1,18,25,NA,9.7,NA,2408.4,"--"
"395","MULLANPHY BOTANICAL GARDENS  (5590)","Mathematics","Total","Total","Fourth Grade",2015,64,NA,64,NA,NA,32,50,26,40.6,NA,9.4,NA,NA,NA,2411.9,"--"
"396","MULLANPHY BOTANICAL GARDENS  (5590)","Mathematics","Total","Total","Fifth Grade",2015,64,NA,64,NA,NA,42,65.6,18,28.1,NA,6.3,NA,NA,NA,2429,"--"
"397","MULLANPHY BOTANICAL GARDENS  (5590)","Science","Total","Total","Fifth Grade",2015,64,NA,64,NA,NA,27,42.2,23,35.9,10,15.6,NA,6.3,NA,635.6,"--"
"398","OAK HILL ELEM.  (5600)","Eng. Language Arts","Total","Total","Third Grade",2015,53,NA,50,NA,5.7,22,44,13,26,NA,10,10,20,NA,2391.4,"--"
"399","OAK HILL ELEM.  (5600)","Eng. Language Arts","Total","Total","Fourth Grade",2015,39,NA,34,NA,12.8,15,44.1,NA,17.6,NA,20.6,NA,17.6,NA,2436.9,"--"
"400","OAK HILL ELEM.  (5600)","Eng. Language Arts","Total","Total","Fifth Grade",2015,49,NA,45,NA,8.2,22,48.9,NA,20,NA,17.8,NA,13.3,NA,2438.4,"--"
"401","OAK HILL ELEM.  (5600)","Mathematics","Total","Total","Third Grade",2015,53,NA,53,NA,NA,31,58.5,12,22.6,NA,15.1,NA,NA,NA,2361.4,"--"
"402","OAK HILL ELEM.  (5600)","Mathematics","Total","Total","Fourth Grade",2015,39,NA,39,NA,NA,20,51.3,13,33.3,NA,12.8,NA,NA,NA,2422.1,"--"
"403","OAK HILL ELEM.  (5600)","Mathematics","Total","Total","Fifth Grade",2015,49,NA,49,NA,NA,26,53.1,12,24.5,NA,16.3,NA,6.1,NA,2446.9,"--"
"404","OAK HILL ELEM.  (5600)","Science","Total","Total","Fifth Grade",2015,49,NA,49,NA,NA,17,34.7,23,46.9,NA,12.2,NA,6.1,NA,632.5,"--"
"405","PEABODY ELEM.  (5620)","Eng. Language Arts","Total","Total","Third Grade",2015,43,NA,43,NA,NA,32,74.4,NA,11.6,NA,11.6,NA,NA,NA,2335.6,"--"
"406","PEABODY ELEM.  (5620)","Eng. Language Arts","Total","Total","Fourth Grade",2015,30,NA,30,NA,NA,19,63.3,NA,20,NA,13.3,NA,NA,NA,2395.7,"--"
"407","PEABODY ELEM.  (5620)","Eng. Language Arts","Total","Total","Fifth Grade",2015,22,NA,22,NA,NA,13,59.1,NA,27.3,NA,13.6,NA,NA,NA,2409.7,"--"
"408","PEABODY ELEM.  (5620)","Mathematics","Total","Total","Third Grade",2015,43,NA,43,NA,NA,28,65.1,11,25.6,NA,7,NA,NA,NA,2340.6,"--"
"409","PEABODY ELEM.  (5620)","Mathematics","Total","Total","Fourth Grade",2015,29,NA,29,NA,NA,18,62.1,10,34.5,NA,NA,NA,NA,NA,2397.8,"--"
"410","PEABODY ELEM.  (5620)","Mathematics","Total","Total","Fifth Grade",2015,23,NA,23,NA,NA,18,78.3,NA,21.7,NA,NA,NA,NA,NA,2399.1,"--"
"411","PEABODY ELEM.  (5620)","Science","Total","Total","Fifth Grade",2015,23,NA,23,NA,NA,11,47.8,12,52.2,NA,NA,NA,NA,NA,618.2,"--"
"412","ROOSEVELT HIGH  (1680)","Eng. Language Arts","Total","Total","Eleventh Grade",2015,NA,NA,NA,NA,NA,NA,25,NA,NA,NA,50,NA,25,NA,0,"--"
"413","ROOSEVELT HIGH  (1680)","Mathematics","Total","Total","Eleventh Grade",2015,NA,NA,NA,NA,NA,NA,25,NA,75,NA,NA,NA,NA,NA,0,"--"
"414","ROOSEVELT HIGH  (1680)","Science","Total","Total","Eleventh Grade",2015,NA,NA,NA,NA,20,NA,25,NA,25,NA,NA,NA,50,NA,0,"--"
"415","SHAW VISUAL/PERF. ARTS CTR.  (5780)","Eng. Language Arts","Total","Total","Third Grade",2015,66,NA,66,NA,NA,20,30.3,17,25.8,16,24.2,13,19.7,NA,2422.9,"--"
"416","SHAW VISUAL/PERF. ARTS CTR.  (5780)","Eng. Language Arts","Total","Total","Fourth Grade",2015,68,NA,68,NA,NA,32,47.1,12,17.6,14,20.6,10,14.7,NA,2433.4,"--"
"417","SHAW VISUAL/PERF. ARTS CTR.  (5780)","Eng. Language Arts","Total","Total","Fifth Grade",2015,71,NA,71,NA,NA,24,33.8,23,32.4,21,29.6,NA,NA,NA,2468.2,"--"
"418","SHAW VISUAL/PERF. ARTS CTR.  (5780)","Mathematics","Total","Total","Third Grade",2015,66,NA,66,NA,NA,19,28.8,25,37.9,20,30.3,NA,NA,NA,2411.5,"--"
"419","SHAW VISUAL/PERF. ARTS CTR.  (5780)","Mathematics","Total","Total","Fourth Grade",2015,68,NA,68,NA,NA,23,33.8,35,51.5,NA,10.3,NA,NA,NA,2435.4,"--"
"420","SHAW VISUAL/PERF. ARTS CTR.  (5780)","Mathematics","Total","Total","Fifth Grade",2015,71,NA,71,NA,NA,37,52.1,27,38,NA,7,NA,NA,NA,2453.5,"--"
"421","SHAW VISUAL/PERF. ARTS CTR.  (5780)","Science","Total","Total","Fifth Grade",2015,71,NA,71,NA,NA,15,21.1,44,62,10,14.1,NA,NA,NA,644.2,"--"
"422","SHENANDOAH ELEM.  (5800)","Eng. Language Arts","Total","Total","Third Grade",2015,20,NA,20,NA,NA,13,65,NA,20,NA,10,NA,5,NA,2356.7,"--"
"423","SHENANDOAH ELEM.  (5800)","Eng. Language Arts","Total","Total","Fourth Grade",2015,27,NA,27,NA,NA,18,66.7,NA,22.2,NA,7.4,NA,NA,NA,2397,"--"
"424","SHENANDOAH ELEM.  (5800)","Eng. Language Arts","Total","Total","Fifth Grade",2015,15,NA,15,NA,NA,NA,53.3,NA,26.7,NA,13.3,NA,6.7,NA,2438.3,"--"
"425","SHENANDOAH ELEM.  (5800)","Eng. Language Arts","Total","Total","Sixth Grade",2015,12,NA,12,NA,NA,NA,50,NA,25,NA,16.7,NA,8.3,NA,2470.1,"--"
"426","SHENANDOAH ELEM.  (5800)","Mathematics","Total","Total","Third Grade",2015,20,NA,20,NA,NA,11,55,NA,25,NA,15,NA,5,NA,2373.2,"--"
"427","SHENANDOAH ELEM.  (5800)","Mathematics","Total","Total","Fourth Grade",2015,26,NA,26,NA,NA,NA,30.8,10,38.5,NA,23.1,NA,7.7,NA,2446.7,"--"
"428","SHENANDOAH ELEM.  (5800)","Mathematics","Total","Total","Fifth Grade",2015,15,NA,15,NA,NA,10,66.7,NA,26.7,NA,NA,NA,6.7,NA,2423,"--"
"429","SHENANDOAH ELEM.  (5800)","Mathematics","Total","Total","Sixth Grade",2015,12,NA,12,NA,NA,NA,75,NA,16.7,NA,8.3,NA,NA,NA,2403.8,"--"
"430","SHENANDOAH ELEM.  (5800)","Science","Total","Total","Fifth Grade",2015,15,NA,15,NA,NA,NA,46.7,NA,46.7,NA,NA,NA,6.7,NA,630.1,"--"
"431","SIGEL ELEM. COMM. ED. CTR.  (5860)","Eng. Language Arts","Total","Total","Third Grade",2015,46,NA,44,NA,NA,17,38.6,15,34.1,NA,15.9,NA,11.4,NA,2393.2,"--"
"432","SIGEL ELEM. COMM. ED. CTR.  (5860)","Eng. Language Arts","Total","Total","Fourth Grade",2015,32,NA,30,NA,6.3,18,60,NA,30,NA,6.7,NA,NA,NA,2387,"--"
"433","SIGEL ELEM. COMM. ED. CTR.  (5860)","Eng. Language Arts","Total","Total","Fifth Grade",2015,33,NA,32,NA,NA,16,50,NA,25,NA,15.6,NA,9.4,NA,2454.1,"--"
"434","SIGEL ELEM. COMM. ED. CTR.  (5860)","Eng. Language Arts","Total","Total","Sixth Grade",2015,19,NA,17,NA,10.5,NA,52.9,NA,11.8,NA,35.3,NA,NA,NA,2475.9,"--"
"435","SIGEL ELEM. COMM. ED. CTR.  (5860)","Mathematics","Total","Total","Third Grade",2015,45,NA,45,NA,NA,16,35.6,13,28.9,14,31.1,NA,NA,NA,2388.8,"--"
"436","SIGEL ELEM. COMM. ED. CTR.  (5860)","Mathematics","Total","Total","Fourth Grade",2015,32,NA,32,NA,NA,14,43.8,14,43.8,NA,9.4,NA,NA,NA,2420.5,"--"
"437","SIGEL ELEM. COMM. ED. CTR.  (5860)","Mathematics","Total","Total","Fifth Grade",2015,33,NA,33,NA,NA,16,48.5,12,36.4,NA,9.1,NA,6.1,NA,2448.6,"--"
"438","SIGEL ELEM. COMM. ED. CTR.  (5860)","Mathematics","Total","Total","Sixth Grade",2015,18,NA,18,NA,NA,10,55.6,NA,33.3,NA,NA,NA,11.1,NA,2451.8,"--"
"439","SIGEL ELEM. COMM. ED. CTR.  (5860)","Science","Total","Total","Fifth Grade",2015,33,NA,33,NA,NA,17,51.5,14,42.4,NA,NA,NA,6.1,NA,623.7,"--"
"440","STEVENS MIDDLE COMMUNITY ED.  (3400)","Eng. Language Arts","Total","Total","Sixth Grade",2015,NA,NA,NA,NA,NA,NA,NA,NA,NA,NA,NA,NA,NA,NA,2257,"--"
"441","STEVENS MIDDLE COMMUNITY ED.  (3400)","Eng. Language Arts","Total","Total","Seventh Grade",2015,NA,NA,NA,NA,NA,NA,NA,NA,NA,NA,NA,NA,NA,NA,2510,"--"
"442","STEVENS MIDDLE COMMUNITY ED.  (3400)","Eng. Language Arts","Total","Total","Eighth Grade",2015,NA,NA,NA,NA,NA,NA,NA,NA,NA,NA,NA,NA,NA,NA,2357.5,"--"
"443","STEVENS MIDDLE COMMUNITY ED.  (3400)","Mathematics","Total","Total","Sixth Grade",2015,NA,NA,NA,NA,NA,NA,NA,NA,NA,NA,NA,NA,NA,NA,2440,"--"
"444","STEVENS MIDDLE COMMUNITY ED.  (3400)","Mathematics","Total","Total","Seventh Grade",2015,NA,NA,NA,NA,NA,NA,NA,NA,NA,NA,NA,NA,NA,NA,2436.5,"--"
"445","STEVENS MIDDLE COMMUNITY ED.  (3400)","Mathematics","Total","Total","Eighth Grade",2015,NA,NA,NA,NA,NA,NA,NA,NA,NA,NA,NA,NA,NA,NA,2321,"--"
"446","STEVENS MIDDLE COMMUNITY ED.  (3400)","Science","Total","Total","Eighth Grade",2015,NA,NA,NA,NA,NA,NA,NA,NA,NA,NA,NA,NA,NA,NA,571,"--"
"447","SUMNER HIGH  (1800)","Eng. Language Arts","Total","Total","Eleventh Grade",2015,NA,NA,NA,NA,NA,NA,NA,NA,NA,NA,NA,NA,NA,NA,0,"--"
"448","SUMNER HIGH  (1800)","Science","Total","Total","Eleventh Grade",2015,NA,NA,NA,NA,NA,NA,NA,NA,50,NA,50,NA,NA,NA,0,"--"
"449","VASHON HIGH  (1830)","Eng. Language Arts","Total","Total","Eleventh Grade",2015,NA,NA,NA,NA,NA,NA,25,NA,NA,NA,50,NA,25,NA,0,"--"
"450","VASHON HIGH  (1830)","Mathematics","Total","Total","Eleventh Grade",2015,NA,NA,NA,NA,NA,NA,75,NA,25,NA,NA,NA,NA,NA,0,"--"
"451","VASHON HIGH  (1830)","Science","Total","Total","Eleventh Grade",2015,NA,NA,NA,NA,50,NA,NA,NA,NA,NA,66.7,NA,33.3,NA,0,"--"
"452","WALBRIDGE ELEM. COMMUNITY ED.  (5960)","Eng. Language Arts","Total","Total","Third Grade",2015,21,NA,21,NA,NA,10,47.6,NA,42.9,NA,9.5,NA,NA,NA,2361.4,"--"
"453","WALBRIDGE ELEM. COMMUNITY ED.  (5960)","Eng. Language Arts","Total","Total","Fourth Grade",2015,24,NA,24,NA,NA,18,75,NA,12.5,NA,8.3,NA,NA,NA,2359.3,"--"
"454","WALBRIDGE ELEM. COMMUNITY ED.  (5960)","Eng. Language Arts","Total","Total","Fifth Grade",2015,12,NA,12,NA,NA,NA,66.7,NA,8.3,NA,16.7,NA,8.3,NA,2433,"--"
"455","WALBRIDGE ELEM. COMMUNITY ED.  (5960)","Eng. Language Arts","Total","Total","Sixth Grade",2015,12,NA,12,NA,NA,NA,33.3,NA,33.3,NA,8.3,NA,25,NA,2501.1,"--"
"456","WALBRIDGE ELEM. COMMUNITY ED.  (5960)","Mathematics","Total","Total","Third Grade",2015,21,NA,21,NA,NA,NA,38.1,NA,28.6,NA,14.3,NA,19,NA,2400.7,"--"
"457","WALBRIDGE ELEM. COMMUNITY ED.  (5960)","Mathematics","Total","Total","Fourth Grade",2015,24,NA,24,NA,NA,14,58.3,NA,33.3,NA,8.3,NA,NA,NA,2397,"--"
"458","WALBRIDGE ELEM. COMMUNITY ED.  (5960)","Mathematics","Total","Total","Fifth Grade",2015,12,NA,12,NA,NA,NA,75,NA,16.7,NA,NA,NA,8.3,NA,2428.1,"--"
"459","WALBRIDGE ELEM. COMMUNITY ED.  (5960)","Mathematics","Total","Total","Sixth Grade",2015,12,NA,12,NA,NA,NA,16.7,NA,75,NA,8.3,NA,NA,NA,2483.3,"--"
"460","WALBRIDGE ELEM. COMMUNITY ED.  (5960)","Science","Total","Total","Fifth Grade",2015,12,NA,12,NA,NA,NA,58.3,NA,25,NA,NA,NA,16.7,NA,625,"--"
"461","WASHINGTON MONTESSORI  (6010)","Eng. Language Arts","Total","Total","Third Grade",2015,49,NA,49,NA,NA,13,26.5,22,44.9,11,22.4,NA,6.1,NA,2398.6,"--"
"462","WASHINGTON MONTESSORI  (6010)","Eng. Language Arts","Total","Total","Fourth Grade",2015,47,NA,47,NA,NA,14,29.8,12,25.5,13,27.7,NA,17,NA,2452.1,"--"
"463","WASHINGTON MONTESSORI  (6010)","Eng. Language Arts","Total","Total","Fifth Grade",2015,33,NA,33,NA,NA,18,54.5,NA,24.2,NA,21.2,NA,NA,NA,2444.5,"--"
"464","WASHINGTON MONTESSORI  (6010)","Mathematics","Total","Total","Third Grade",2015,49,NA,49,NA,NA,14,28.6,10,20.4,18,36.7,NA,14.3,NA,2422.6,"--"
"465","WASHINGTON MONTESSORI  (6010)","Mathematics","Total","Total","Fourth Grade",2015,47,NA,47,NA,NA,16,34,24,51.1,NA,14.9,NA,NA,NA,2426.9,"--"
"466","WASHINGTON MONTESSORI  (6010)","Mathematics","Total","Total","Fifth Grade",2015,33,NA,33,NA,NA,20,60.6,12,36.4,NA,NA,NA,NA,NA,2438.9,"--"
"467","WASHINGTON MONTESSORI  (6010)","Science","Total","Total","Fifth Grade",2015,33,NA,33,NA,NA,17,51.5,15,45.5,NA,NA,NA,NA,NA,624.3,"--"
"468","WOERNER ELEM.  (5970)","Eng. Language Arts","Total","Total","Third Grade",2015,79,NA,77,NA,NA,28,36.4,17,22.1,13,16.9,19,24.7,NA,2410.1,"--"
"469","WOERNER ELEM.  (5970)","Eng. Language Arts","Total","Total","Fourth Grade",2015,52,NA,51,NA,NA,19,37.3,11,21.6,11,21.6,10,19.6,NA,2446,"--"
"470","WOERNER ELEM.  (5970)","Eng. Language Arts","Total","Total","Fifth Grade",2015,60,NA,59,NA,NA,16,27.1,16,27.1,21,35.6,NA,10.2,NA,2484.1,"--"
"471","WOERNER ELEM.  (5970)","Mathematics","Total","Total","Third Grade",2015,79,NA,79,NA,NA,25,31.6,25,31.6,26,32.9,NA,NA,NA,2403.6,"--"
"472","WOERNER ELEM.  (5970)","Mathematics","Total","Total","Fourth Grade",2015,53,NA,53,NA,NA,21,39.6,20,37.7,10,18.9,NA,NA,NA,2424.2,"--"
"473","WOERNER ELEM.  (5970)","Mathematics","Total","Total","Fifth Grade",2015,60,NA,60,NA,NA,29,48.3,19,31.7,NA,11.7,NA,8.3,NA,2462.1,"--"
"474","WOERNER ELEM.  (5970)","Science","Total","Total","Fifth Grade",2015,60,NA,60,NA,NA,11,18.3,33,55,13,21.7,NA,5,NA,648,"--"
"475","WOODWARD ELEM.  (6120)","Eng. Language Arts","Total","Total","Third Grade",2015,57,NA,56,NA,NA,34,60.7,16,28.6,NA,5.4,NA,5.4,NA,2348.7,"--"
"476","WOODWARD ELEM.  (6120)","Eng. Language Arts","Total","Total","Fourth Grade",2015,43,NA,42,NA,NA,23,54.8,NA,16.7,NA,16.7,NA,11.9,NA,2415.4,"--"
"477","WOODWARD ELEM.  (6120)","Eng. Language Arts","Total","Total","Fifth Grade",2015,48,NA,48,NA,NA,18,37.5,14,29.2,12,25,NA,8.3,NA,2459.2,"--"
"478","WOODWARD ELEM.  (6120)","Mathematics","Total","Total","Third Grade",2015,57,NA,57,NA,NA,34,59.6,15,26.3,NA,10.5,NA,NA,NA,2374,"--"
"479","WOODWARD ELEM.  (6120)","Mathematics","Total","Total","Fourth Grade",2015,43,NA,43,NA,NA,21,48.8,17,39.5,NA,9.3,NA,NA,NA,2411.4,"--"
"480","WOODWARD ELEM.  (6120)","Mathematics","Total","Total","Fifth Grade",2015,48,NA,48,NA,NA,32,66.7,12,25,NA,NA,NA,NA,NA,2433.2,"--"
"481","WOODWARD ELEM.  (6120)","Science","Total","Total","Fifth Grade",2015,48,NA,48,NA,NA,14,29.2,29,60.4,NA,8.3,NA,NA,NA,636.5,"--"
"482","YEATMAN-LIDDELL MIDDLE SCHOOL  (2080)","Eng. Language Arts","Total","Total","Sixth Grade",2015,46,NA,46,NA,NA,30,65.2,NA,17.4,NA,15.2,NA,NA,NA,2429.2,"--"
"483","YEATMAN-LIDDELL MIDDLE SCHOOL  (2080)","Eng. Language Arts","Total","Total","Seventh Grade",2015,183,NA,183,NA,NA,105,57.4,48,26.2,29,15.8,NA,NA,NA,2467.3,"--"
"484","YEATMAN-LIDDELL MIDDLE SCHOOL  (2080)","Eng. Language Arts","Total","Total","Eighth Grade",2015,185,NA,185,NA,NA,103,55.7,65,35.1,16,8.6,NA,NA,NA,2469.2,"--"
"485","YEATMAN-LIDDELL MIDDLE SCHOOL  (2080)","Mathematics","Total","Total","Sixth Grade",2015,46,NA,46,NA,NA,36,78.3,NA,17.4,NA,NA,NA,NA,NA,2414.1,"--"
"486","YEATMAN-LIDDELL MIDDLE SCHOOL  (2080)","Mathematics","Total","Total","Seventh Grade",2015,182,NA,182,NA,NA,148,81.3,32,17.6,NA,NA,NA,NA,NA,2406.1,"--"
"487","YEATMAN-LIDDELL MIDDLE SCHOOL  (2080)","Mathematics","Total","Total","Eighth Grade",2015,183,NA,183,NA,NA,157,85.8,21,11.5,NA,NA,NA,NA,NA,2421.8,"--"
"488","YEATMAN-LIDDELL MIDDLE SCHOOL  (2080)","Science","Total","Total","Eighth Grade",2015,184,NA,184,NA,NA,133,72.3,44,23.9,NA,NA,NA,NA,NA,648.4,"--"
